,ResponseId,Dignity_1,Dignity_2,Dignity_3,Dignity_4,Dignity_5,Dignity_6,Face_1,Face_2,Face_3,Face_4,Face_5,Honour_1,Honour_2,Honour_3,Honour_4,SINS_1,SINS_2,SINS_3,SINS_4,SINS_5,SINS_6,SINS_7,SINS_8,SINS_9,SINS_10,SINS_11,SINS_12,SINS_13,SINS_14,SINS_15,SINS_16,SINS_17,SINS_18,SINS_19,SINS_20,SINS_21,SINS_22,SINS_23,SINS_24,SINS_25,SINS_26,SINS_27,SINS_28,SINS_29,SINS_30,SINS_31,SINS_32,Age,Gender,D6_1,D6_2,D6_3,D7,D7_9_TEXT,D8_1,D8_2,D8_3,D9,D10_1,D10_2,D10_3,Dignity_score,Face_score,Honour_score,Bio_Score,Bio_Birth
0,R_1Qa1Sep4YyfVsk7,7.0,6.0,6.0,6.0,2.0,5.0,5.0,2.0,5.0,3.0,5.0,3.0,6.0,4.0,4.0,1.0,1.0,1.0,4.0,1.0,5.0,2.0,1.0,1.0,1.0,1.0,1.0,1.0,1.0,1.0,1.0,3.0,5.0,1.0,3.0,5.0,2.0,2.0,2.0,1.0,1.0,3.0,1.0,3.0,2.0,1.0,4.0,22.0,2.0,5,4,4,10,,,,,Italian,4,4,3,12.8,6.666666666666666,4.533333333333333,0.0,0.0
1,R_3pi54AAbuhkIfxs,6.0,5.0,5.0,6.0,6.0,3.0,7.0,7.0,7.0,5.0,6.0,6.0,7.0,6.0,6.0,2.0,2.0,1.0,3.0,2.0,6.0,5.0,1.0,1.0,2.0,4.0,1.0,3.0,4.0,2.0,2.0,5.0,2.0,2.0,4.0,2.0,3.0,3.0,1.0,3.0,4.0,4.0,2.0,4.0,2.0,1.0,6.0,22.0,2.0,5,4,4,10,,,,,Dutch/Australian,4,4,3,12.4,10.666666666666666,6.666666666666667,2.0,0.0
2,R_1mEDzu6CZGZui3j,6.0,4.0,7.0,6.0,7.0,7.0,5.0,7.0,6.0,6.0,7.0,5.0,7.0,5.0,2.0,5.0,3.0,1.0,3.0,3.0,4.0,6.0,6.0,3.0,5.0,4.0,4.0,4.0,4.0,4.0,6.0,5.0,5.0,4.0,6.0,4.0,4.0,5.0,5.0,4.0,6.0,6.0,5.0,5.0,5.0,4.0,5.0,21.0,2.0,5,5,5,10,,,,,Australian ,5,5,5,14.8,10.333333333333332,5.066666666666666,2.0,0.0
3,R_2s0DOtaLQmRUnQZ,7.0,6.0,6.0,7.0,7.0,7.0,6.0,5.0,5.0,2.0,6.0,6.0,6.0,6.0,6.0,1.0,3.0,1.0,2.0,1.0,5.0,3.0,2.0,2.0,5.0,5.0,5.0,1.0,5.0,2.0,2.0,5.0,2.0,3.0,6.0,5.0,3.0,1.0,3.0,3.0,5.0,5.0,3.0,3.0,3.0,3.0,5.0,20.0,1.0,4,2,2,9,Singapore,4,4,2,Australian ,4,2,1,16.0,8.0,6.4,2.0,0.0
4,R_1gGFTvIB7JfQYe4,6.0,6.0,7.0,7.0,7.0,5.0,5.0,4.0,6.0,3.0,5.0,6.0,5.0,5.0,6.0,1.0,1.0,1.0,1.0,1.0,2.0,1.0,4.0,1.0,1.0,1.0,1.0,1.0,2.0,1.0,2.0,6.0,3.0,2.0,3.0,5.0,3.0,2.0,1.0,2.0,2.0,2.0,2.0,4.0,1.0,1.0,3.0,34.0,2.0,4,5,5,9,United Kingdom ,3,2,5,Chinese,4,5,5,15.200000000000001,7.666666666666666,5.866666666666666,0.0,2.0
5,R_2znGLNFVs1F92gz,5.0,6.0,6.0,7.0,7.0,6.0,4.0,5.0,3.0,4.0,4.0,5.0,6.0,5.0,4.0,3.0,3.0,2.0,5.0,3.0,6.0,5.0,3.0,5.0,5.0,4.0,3.0,3.0,6.0,4.0,3.0,6.0,5.0,5.0,6.0,4.0,5.0,4.0,4.0,5.0,6.0,6.0,4.0,6.0,5.0,4.0,6.0,22.0,2.0,5,5,4,10,,,,,Australian,5,5,4,14.8,6.666666666666666,5.333333333333333,0.0,0.0
6,R_1dh4yM2Lpkd4rRC,5.0,5.0,5.0,5.0,5.0,5.0,5.0,5.0,6.0,6.0,6.0,6.0,5.0,6.0,7.0,1.0,2.0,1.0,3.0,2.0,2.0,3.0,2.0,2.0,2.0,3.0,2.0,2.0,3.0,2.0,2.0,3.0,5.0,3.0,2.0,2.0,3.0,2.0,2.0,2.0,3.0,2.0,3.0,2.0,2.0,2.0,3.0,21.0,2.0,4,4,4,10,,,,,Aussie ,4,4,4,12.0,9.333333333333332,6.4,2.0,0.0
7,R_2c0jsYZPXvs61vs,6.0,5.0,6.0,5.0,5.0,4.0,6.0,5.0,5.0,4.0,5.0,5.0,4.0,5.0,5.0,2.0,1.0,1.0,3.0,1.0,3.0,4.0,1.0,1.0,3.0,3.0,2.0,2.0,2.0,2.0,1.0,4.0,3.0,1.0,4.0,2.0,4.0,1.0,2.0,2.0,2.0,3.0,2.0,4.0,3.0,3.0,3.0,21.0,2.0,4,3,4,10,,,,,Irish ,2,1,1,12.4,8.333333333333332,5.066666666666666,2.0,0.0
8,R_1I5TwSJLQOP3B29,6.0,6.0,6.0,6.0,5.0,5.0,5.0,3.0,5.0,3.0,5.0,5.0,6.0,5.0,5.0,2.0,2.0,1.0,5.0,3.0,6.0,5.0,2.0,2.0,3.0,2.0,2.0,2.0,5.0,3.0,3.0,5.0,5.0,3.0,5.0,5.0,3.0,5.0,3.0,3.0,5.0,5.0,3.0,5.0,5.0,3.0,5.0,22.0,2.0,4,5,4,10,,,,,Too broad to specify one - European ,1,1,1,13.600000000000001,7.0,5.6,0.0,0.0
9,R_23TvkEceS0LYXxw,5.0,6.0,5.0,5.0,5.0,3.0,6.0,5.0,6.0,3.0,4.0,3.0,5.0,3.0,3.0,2.0,1.0,1.0,4.0,1.0,6.0,5.0,2.0,1.0,2.0,3.0,2.0,1.0,3.0,1.0,1.0,4.0,5.0,3.0,4.0,4.0,4.0,3.0,4.0,3.0,3.0,5.0,3.0,3.0,3.0,4.0,5.0,21.0,2.0,3,2,2,10,,,,,Italian and Maltese ,4,4,4,11.600000000000001,8.0,3.7333333333333334,2.0,0.0
10,R_3pfHAmRbHNDlOJc,5.0,5.0,5.0,5.0,3.0,3.0,3.0,5.0,3.0,2.0,6.0,5.0,6.0,5.0,3.0,5.0,2.0,4.0,4.0,4.0,5.0,5.0,4.0,4.0,5.0,4.0,4.0,3.0,5.0,4.0,2.0,5.0,5.0,5.0,5.0,3.0,5.0,4.0,3.0,3.0,5.0,5.0,3.0,5.0,4.0,5.0,3.0,22.0,2.0,4,4,4,9,Australia,3,3,4,None,,,,10.4,6.333333333333333,5.066666666666666,0.0,1.0
11,R_3QRdjJ0PNkMnCD8,5.0,5.0,6.0,4.0,6.0,4.0,3.0,6.0,4.0,4.0,6.0,5.0,6.0,5.0,5.0,2.0,3.0,3.0,5.0,2.0,4.0,5.0,4.0,3.0,3.0,5.0,5.0,1.0,4.0,4.0,3.0,6.0,5.0,5.0,5.0,5.0,5.0,3.0,3.0,3.0,3.0,5.0,4.0,5.0,4.0,5.0,4.0,20.0,2.0,4,4,4,9,Melbourne,4,3,5,Asian,4,4,4,12.0,7.666666666666666,5.6,0.0,1.0
12,R_1mjRLWwT8FK0SGk,3.0,2.0,7.0,3.0,7.0,2.0,6.0,7.0,6.0,7.0,6.0,7.0,4.0,2.0,3.0,7.0,5.0,2.0,6.0,3.0,7.0,3.0,3.0,4.0,5.0,3.0,6.0,2.0,6.0,3.0,2.0,6.0,6.0,6.0,6.0,6.0,6.0,2.0,4.0,6.0,6.0,6.0,2.0,6.0,6.0,2.0,6.0,20.0,2.0,4,2,2,9,Au,4,4,4,,,,,9.600000000000001,10.666666666666666,4.266666666666667,1.0,1.0
13,R_3hmchTvtsSCGekS,6.0,6.0,6.0,6.0,7.0,6.0,5.0,6.0,7.0,2.0,6.0,6.0,6.0,6.0,6.0,1.0,2.0,6.0,1.0,1.0,6.0,3.0,1.0,2.0,2.0,1.0,3.0,2.0,5.0,4.0,3.0,5.0,3.0,5.0,5.0,6.0,4.0,2.0,3.0,1.0,4.0,7.0,3.0,6.0,4.0,3.0,7.0,,2.0,5,5,5,10,,,,,,4,5,4,14.8,8.666666666666666,6.4,2.0,2.0
14,R_1ez7LM5QVzdOsCF,7.0,6.0,7.0,7.0,7.0,7.0,5.0,6.0,6.0,7.0,5.0,6.0,6.0,5.0,7.0,2.0,1.0,3.0,4.0,1.0,7.0,4.0,5.0,4.0,2.0,2.0,1.0,2.0,7.0,1.0,1.0,5.0,4.0,4.0,5.0,5.0,3.0,4.0,4.0,6.0,4.0,5.0,5.0,6.0,4.0,6.0,7.0,21.0,1.0,5,5,4,10,,,,,European,4,4,4,16.400000000000002,9.666666666666666,6.4,2.0,0.0
15,R_1oG7nS9YUkW5Rjj,4.0,4.0,5.0,5.0,6.0,4.0,5.0,5.0,5.0,5.0,5.0,6.0,6.0,6.0,6.0,2.0,3.0,2.0,4.0,4.0,5.0,4.0,2.0,3.0,5.0,4.0,4.0,4.0,4.0,3.0,4.0,4.0,4.0,4.0,4.0,3.0,4.0,4.0,4.0,4.0,4.0,4.0,3.0,3.0,4.0,3.0,5.0,25.0,2.0,2,3,3,9,Australia,2,3,3,Chinese,2,3,3,11.200000000000001,8.333333333333332,6.4,2.0,1.0
16,R_3FX06ZfUvx3UBBO,6.0,6.0,4.0,4.0,6.0,5.0,4.0,4.0,5.0,5.0,5.0,4.0,5.0,5.0,5.0,5.0,6.0,5.0,5.0,4.0,5.0,5.0,4.0,5.0,5.0,4.0,4.0,5.0,5.0,5.0,5.0,5.0,5.0,5.0,5.0,5.0,4.0,5.0,5.0,5.0,5.0,4.0,5.0,5.0,4.0,4.0,5.0,21.0,1.0,4,3,4,10,,,,,China ,5,3,3,12.4,7.666666666666666,5.066666666666666,0.0,1.0
17,R_2zUCvLn6OObBWqi,5.0,4.0,4.0,4.0,6.0,3.0,5.0,5.0,6.0,3.0,6.0,6.0,6.0,5.0,6.0,2.0,2.0,2.0,6.0,4.0,5.0,5.0,2.0,1.0,2.0,2.0,1.0,2.0,4.0,2.0,3.0,7.0,4.0,2.0,5.0,5.0,5.0,5.0,4.0,5.0,5.0,5.0,4.0,6.0,5.0,5.0,6.0,19.0,2.0,4,3,4,10,,,,,Chinese,4,4,4,10.4,8.333333333333332,6.133333333333333,2.0,2.0
18,R_C8M7m3J7etFaLFD,5.0,3.0,5.0,5.0,6.0,3.0,7.0,6.0,6.0,4.0,6.0,6.0,6.0,3.0,6.0,3.0,1.0,2.0,1.0,5.0,4.0,5.0,2.0,1.0,1.0,3.0,2.0,3.0,5.0,1.0,5.0,5.0,6.0,5.0,5.0,6.0,5.0,6.0,2.0,5.0,5.0,5.0,4.0,5.0,5.0,4.0,6.0,21.0,1.0,4,4,4,9,Australia,4,4,4,Chinese,4,4,4,10.8,9.666666666666666,5.6,2.0,1.0
19,R_277t9ll9gjE7bx0,6.0,5.0,6.0,6.0,6.0,6.0,6.0,6.0,6.0,5.0,6.0,1.0,7.0,7.0,1.0,2.0,3.0,2.0,4.0,2.0,4.0,2.0,3.0,3.0,2.0,3.0,3.0,2.0,3.0,3.0,3.0,3.0,2.0,2.0,3.0,3.0,3.0,3.0,2.0,2.0,2.0,2.0,3.0,2.0,3.0,2.0,4.0,20.0,1.0,5,5,5,9,"Yes, Australia",4,4,4,Chinese ,5,5,5,14.0,9.666666666666666,4.266666666666667,2.0,1.0
20,R_1IYNAr82tXuQAyO,7.0,3.0,6.0,5.0,7.0,3.0,2.0,3.0,3.0,1.0,5.0,6.0,5.0,2.0,2.0,1.0,1.0,1.0,1.0,1.0,6.0,3.0,1.0,1.0,1.0,1.0,1.0,1.0,1.0,1.0,1.0,3.0,1.0,1.0,2.0,3.0,1.0,3.0,1.0,2.0,1.0,1.0,1.0,2.0,2.0,1.0,6.0,26.0,1.0,4,2,4,9,"USA, SPAIN, CHINA.",4,2,4,caucasian european ,4,2,4,12.4,4.666666666666666,4.0,0.0,0.0
21,R_1Q3HWWcQEB6iD5J,6.0,5.0,5.0,5.0,5.0,5.0,5.0,4.0,3.0,5.0,5.0,4.0,4.0,4.0,5.0,4.0,4.0,2.0,3.0,4.0,6.0,4.0,3.0,3.0,2.0,3.0,3.0,5.0,5.0,2.0,4.0,4.0,4.0,3.0,4.0,3.0,4.0,3.0,3.0,4.0,4.0,4.0,3.0,5.0,4.0,5.0,5.0,32.0,2.0,3,3,3,9,Yes ,3,4,,Estonian,4,4,4,12.4,7.333333333333333,4.533333333333333,0.0,0.0
22,R_pg7RVg17TMXjpYJ,7.0,6.0,7.0,6.0,6.0,5.0,3.0,5.0,2.0,2.0,4.0,6.0,6.0,6.0,5.0,1.0,1.0,1.0,2.0,4.0,6.0,6.0,1.0,2.0,3.0,1.0,2.0,2.0,3.0,2.0,2.0,5.0,3.0,1.0,5.0,6.0,4.0,2.0,2.0,2.0,3.0,5.0,2.0,6.0,2.0,4.0,3.0,24.0,2.0,5,5,5,9,Australia ,5,5,5,French,5,5,4,14.8,5.333333333333333,6.133333333333333,0.0,0.0
23,R_2vYxdtjexefUJKX,6.0,5.0,5.0,6.0,6.0,3.0,6.0,5.0,5.0,4.0,3.0,5.0,6.0,6.0,6.0,2.0,2.0,2.0,2.0,2.0,5.0,4.0,1.0,1.0,4.0,5.0,3.0,1.0,2.0,2.0,2.0,4.0,2.0,2.0,5.0,3.0,4.0,2.0,2.0,2.0,2.0,5.0,2.0,3.0,4.0,1.0,2.0,52.0,2.0,2,2,3,9,"Fiji, Hong Kong",4,3,3,Caucasian,4,4,4,12.4,7.666666666666666,6.133333333333333,0.0,0.0
24,R_3lGonWIT4mIOB8m,5.0,7.0,7.0,6.0,5.0,5.0,7.0,4.0,3.0,4.0,5.0,6.0,4.0,6.0,4.0,2.0,2.0,1.0,2.0,2.0,6.0,5.0,1.0,2.0,2.0,3.0,1.0,1.0,4.0,1.0,1.0,4.0,4.0,4.0,6.0,4.0,5.0,3.0,5.0,2.0,5.0,6.0,4.0,4.0,4.0,3.0,6.0,20.0,2.0,3,5,4,10,,,,,,4,4,3,14.0,7.666666666666666,5.333333333333333,0.0,0.0
25,R_2dmu0L6m9JIxrn2,7.0,7.0,6.0,6.0,3.0,6.0,5.0,6.0,6.0,4.0,6.0,3.0,6.0,2.0,6.0,1.0,3.0,2.0,5.0,1.0,6.0,5.0,1.0,2.0,1.0,3.0,1.0,3.0,2.0,4.0,1.0,5.0,5.0,3.0,4.0,5.0,3.0,5.0,2.0,2.0,3.0,6.0,4.0,5.0,4.0,2.0,6.0,19.0,2.0,4,4,5,10,,,,,Vietnamese,2,3,2,14.0,9.0,4.533333333333333,2.0,2.0
26,R_2UXSIAgFNlWMtGl,4.0,6.0,6.0,6.0,6.0,4.0,5.0,6.0,6.0,6.0,6.0,3.0,6.0,5.0,4.0,1.0,2.0,2.0,2.0,1.0,2.0,2.0,2.0,1.0,2.0,2.0,2.0,2.0,2.0,2.0,2.0,2.0,2.0,1.0,2.0,2.0,2.0,2.0,1.0,1.0,2.0,2.0,2.0,3.0,2.0,1.0,3.0,24.0,2.0,4,3,3,9,Malaysia,4,3,3,Malaysian Chinese,4,3,3,12.8,9.666666666666666,4.8,2.0,2.0
27,R_UoVcwpHbLMDRwEV,6.0,6.0,6.0,6.0,5.0,5.0,6.0,4.0,5.0,5.0,5.0,5.0,6.0,5.0,6.0,5.0,3.0,3.0,5.0,3.0,4.0,5.0,5.0,3.0,4.0,4.0,3.0,3.0,5.0,5.0,5.0,5.0,4.0,3.0,4.0,5.0,4.0,3.0,3.0,3.0,2.0,5.0,3.0,5.0,4.0,3.0,5.0,19.0,2.0,4,4,4,9,Australia,3,4,4,chinese ,3,4,4,13.600000000000001,8.333333333333332,5.866666666666666,2.0,1.0
28,R_22EQ9U94uLfNF8U,5.0,4.0,5.0,4.0,4.0,4.0,6.0,5.0,5.0,4.0,5.0,5.0,5.0,5.0,5.0,3.0,5.0,1.0,4.0,4.0,7.0,3.0,2.0,1.0,4.0,2.0,4.0,2.0,2.0,2.0,2.0,6.0,5.0,3.0,5.0,4.0,4.0,5.0,2.0,4.0,2.0,6.0,3.0,5.0,5.0,4.0,6.0,19.0,2.0,4,4,2,9,Australia,5,5,4,Chinese-Indonesian,4,4,2,10.4,8.333333333333332,5.333333333333333,2.0,1.0
29,R_3lubZVQ7jfs49z4,4.0,4.0,5.0,4.0,3.0,4.0,3.0,6.0,6.0,4.0,5.0,5.0,6.0,6.0,6.0,3.0,4.0,3.0,3.0,3.0,5.0,4.0,4.0,3.0,3.0,4.0,3.0,2.0,5.0,3.0,3.0,5.0,5.0,4.0,4.0,5.0,4.0,5.0,4.0,4.0,4.0,5.0,3.0,5.0,4.0,4.0,3.0,24.0,2.0,4,4,4,9,Melbourne ,3,4,3,Chinese ,4,4,4,9.600000000000001,8.0,6.133333333333333,1.0,1.0
30,R_3plGJt9hs2kN1HQ,2.0,2.0,3.0,5.0,3.0,2.0,3.0,6.0,6.0,6.0,7.0,7.0,7.0,7.0,7.0,2.0,2.0,1.0,3.0,2.0,6.0,6.0,1.0,1.0,3.0,2.0,4.0,2.0,3.0,2.0,2.0,6.0,6.0,5.0,6.0,7.0,6.0,6.0,2.0,6.0,2.0,6.0,2.0,6.0,2.0,3.0,6.0,20.0,2.0,5,4,2,9,Australia ,5,4,5,Chinese,4,4,2,6.800000000000001,9.333333333333332,7.466666666666667,,1.0
31,R_1ISHSqbkODj2rIp,7.0,6.0,6.0,6.0,6.0,3.0,5.0,6.0,6.0,3.0,6.0,5.0,5.0,3.0,3.0,1.0,1.0,1.0,2.0,1.0,3.0,3.0,1.0,1.0,2.0,1.0,3.0,1.0,1.0,2.0,2.0,4.0,2.0,2.0,4.0,3.0,4.0,1.0,1.0,2.0,3.0,2.0,2.0,3.0,3.0,4.0,4.0,21.0,2.0,3,4,4,10,,,,,Italian,4,4,4,13.600000000000001,8.666666666666666,4.266666666666667,2.0,0.0
32,R_2RVzJtSIE8iqrD1,6.0,6.0,6.0,5.0,5.0,5.0,6.0,6.0,7.0,6.0,6.0,6.0,6.0,6.0,7.0,3.0,3.0,2.0,4.0,3.0,4.0,4.0,2.0,3.0,2.0,2.0,2.0,2.0,2.0,2.0,2.0,6.0,3.0,2.0,4.0,3.0,4.0,2.0,2.0,3.0,2.0,5.0,2.0,3.0,2.0,3.0,2.0,20.0,1.0,2,2,5,10,,,,,Caucasian,4,3,5,13.200000000000001,10.333333333333332,6.666666666666667,2.0,0.0
33,R_3ivTvRfPMnu7wtT,6.0,5.0,5.0,6.0,6.0,3.0,4.0,6.0,5.0,5.0,5.0,7.0,6.0,6.0,5.0,6.0,6.0,2.0,6.0,5.0,5.0,6.0,6.0,5.0,6.0,5.0,6.0,6.0,6.0,5.0,6.0,6.0,7.0,5.0,6.0,6.0,5.0,7.0,4.0,5.0,5.0,6.0,6.0,6.0,5.0,5.0,6.0,20.0,2.0,5,4,5,9,Ireland,4,4,2,White,4,4,5,12.4,8.333333333333332,6.4,2.0,0.0
34,R_1kHMXv5iZnxY09T,5.0,3.0,6.0,5.0,6.0,3.0,1.0,3.0,4.0,6.0,5.0,2.0,5.0,5.0,4.0,1.0,2.0,2.0,2.0,2.0,5.0,4.0,1.0,1.0,2.0,1.0,4.0,1.0,1.0,2.0,3.0,5.0,4.0,2.0,3.0,3.0,4.0,3.0,3.0,4.0,4.0,4.0,3.0,1.0,1.0,4.0,2.0,32.0,2.0,5,4,5,9,"California, USA",5,2,2,White,3,3,3,11.200000000000001,6.333333333333333,4.266666666666667,0.0,0.0
35,R_25yB3fACm2oguru,5.0,6.0,6.0,7.0,7.0,3.0,6.0,5.0,5.0,3.0,7.0,5.0,5.0,5.0,5.0,1.0,1.0,2.0,2.0,1.0,7.0,5.0,1.0,1.0,1.0,2.0,2.0,1.0,5.0,2.0,2.0,6.0,5.0,3.0,7.0,5.0,5.0,5.0,5.0,3.0,5.0,7.0,6.0,6.0,6.0,3.0,5.0,21.0,1.0,5,5,4,10,,,,,Chinese,4,4,4,13.600000000000001,8.666666666666666,5.333333333333333,2.0,2.0
36,R_2s5BrRKZb8ii8mB,5.0,4.0,4.0,4.0,4.0,3.0,4.0,5.0,5.0,5.0,6.0,5.0,4.0,4.0,5.0,3.0,5.0,1.0,4.0,3.0,4.0,4.0,2.0,4.0,2.0,3.0,4.0,3.0,4.0,2.0,3.0,5.0,5.0,4.0,5.0,6.0,5.0,5.0,4.0,4.0,4.0,4.0,4.0,5.0,4.0,4.0,6.0,20.0,2.0,4,3,4,9,Australia,2,3,3,Chinese,4,4,4,9.600000000000001,8.333333333333332,4.8,1.0,1.0
37,R_1OwqOkOwhwryLrh,5.0,4.0,3.0,5.0,5.0,3.0,5.0,6.0,3.0,3.0,5.0,6.0,7.0,5.0,6.0,1.0,5.0,1.0,5.0,5.0,7.0,7.0,2.0,5.0,3.0,4.0,2.0,5.0,7.0,2.0,3.0,5.0,5.0,1.0,5.0,5.0,7.0,5.0,2.0,2.0,4.0,7.0,1.0,6.0,6.0,6.0,5.0,20.0,1.0,4,5,5,10,,,,,Chinese,3,1,1,10.0,7.333333333333333,6.4,0.0,2.0
38,R_diMVmT5flwvZ3Yl,7.0,6.0,7.0,6.0,5.0,6.0,5.0,5.0,6.0,3.0,5.0,2.0,5.0,5.0,2.0,4.0,5.0,1.0,5.0,1.0,7.0,5.0,3.0,3.0,5.0,3.0,2.0,2.0,5.0,5.0,2.0,5.0,6.0,3.0,6.0,5.0,2.0,5.0,6.0,3.0,5.0,6.0,5.0,5.0,6.0,3.0,3.0,18.0,2.0,4,4,3,10,,,,,Caucasian and Greek,4,4,3,14.8,8.0,3.7333333333333334,2.0,0.0
39,R_1FawQI7pAAsSw7L,6.0,5.0,7.0,6.0,7.0,6.0,6.0,7.0,6.0,2.0,6.0,7.0,5.0,6.0,6.0,5.0,5.0,2.0,5.0,5.0,7.0,5.0,3.0,3.0,2.0,6.0,2.0,5.0,7.0,5.0,6.0,6.0,7.0,6.0,5.0,6.0,5.0,6.0,5.0,5.0,5.0,5.0,5.0,5.0,6.0,6.0,4.0,21.0,1.0,5,5,5,10,,,,,Chinese,4,5,5,14.8,9.0,6.4,2.0,2.0
40,R_2zceLWtJS0TgP1s,5.0,6.0,6.0,6.0,6.0,4.0,6.0,5.0,5.0,5.0,5.0,4.0,4.0,4.0,5.0,2.0,2.0,1.0,2.0,1.0,2.0,3.0,2.0,1.0,2.0,2.0,1.0,1.0,3.0,2.0,1.0,3.0,3.0,2.0,3.0,3.0,3.0,2.0,2.0,3.0,2.0,3.0,2.0,3.0,3.0,2.0,5.0,22.0,2.0,4,4,4,10,,,,,"English, Scottish, Welsh, Norwegian ",4,3,4,13.200000000000001,8.666666666666666,4.533333333333333,2.0,0.0
41,R_2Pw0cVrgz2kxIMe,6.0,6.0,7.0,7.0,6.0,5.0,6.0,6.0,6.0,6.0,6.0,5.0,6.0,6.0,5.0,2.0,3.0,3.0,2.0,2.0,5.0,5.0,2.0,1.0,2.0,6.0,5.0,2.0,2.0,2.0,2.0,6.0,2.0,2.0,6.0,3.0,6.0,2.0,3.0,4.0,5.0,5.0,4.0,5.0,6.0,3.0,6.0,20.0,2.0,5,5,5,10,,,,,Vietnamese,1,2,1,14.8,10.0,5.866666666666666,2.0,0.0
42,R_AnVMh86B7Zr6jRL,6.0,5.0,6.0,6.0,5.0,5.0,3.0,5.0,5.0,2.0,6.0,5.0,6.0,5.0,5.0,1.0,1.0,1.0,3.0,1.0,5.0,1.0,1.0,1.0,1.0,2.0,1.0,1.0,2.0,1.0,1.0,5.0,2.0,1.0,2.0,3.0,1.0,1.0,1.0,1.0,2.0,2.0,2.0,3.0,1.0,1.0,5.0,22.0,2.0,5,5,4,10,,,,,Australian,4,4,4,13.200000000000001,7.0,5.6,0.0,0.0
43,R_1DnDBWi0Sg5FAIA,5.0,7.0,6.0,6.0,5.0,5.0,6.0,6.0,6.0,4.0,6.0,6.0,5.0,6.0,5.0,1.0,3.0,1.0,4.0,2.0,5.0,4.0,2.0,2.0,4.0,3.0,2.0,2.0,4.0,2.0,1.0,5.0,4.0,2.0,5.0,4.0,2.0,3.0,5.0,2.0,3.0,4.0,3.0,4.0,3.0,2.0,4.0,21.0,1.0,4,3,3,10,,,,,Australian,4,3,3,13.600000000000001,9.333333333333332,5.866666666666666,2.0,0.0
44,R_2tbu8fwixrMNeQM,3.0,6.0,7.0,6.0,6.0,5.0,6.0,6.0,7.0,5.0,6.0,6.0,6.0,5.0,5.0,1.0,2.0,1.0,3.0,1.0,6.0,3.0,1.0,1.0,1.0,1.0,1.0,2.0,5.0,1.0,1.0,3.0,6.0,1.0,4.0,5.0,3.0,5.0,2.0,3.0,1.0,4.0,2.0,3.0,3.0,2.0,7.0,20.0,2.0,2,4,4,10,,,,,Anglo-saxon ,4,4,5,13.200000000000001,10.0,5.866666666666666,2.0,0.0
45,R_1OxUQXNo1zEWw6D,5.0,7.0,6.0,5.0,5.0,5.0,5.0,5.0,5.0,6.0,6.0,6.0,7.0,7.0,7.0,2.0,5.0,4.0,2.0,2.0,5.0,6.0,5.0,5.0,6.0,2.0,1.0,2.0,6.0,2.0,4.0,3.0,2.0,2.0,2.0,3.0,5.0,4.0,6.0,2.0,6.0,3.0,2.0,3.0,5.0,5.0,5.0,22.0,2.0,4,4,2,9,Yes,4,,,Chinese,5,5,4,13.200000000000001,9.0,7.2,,2.0
46,R_2AMY1tE3FBsLZcs,6.0,6.0,7.0,6.0,7.0,6.0,4.0,6.0,6.0,6.0,6.0,2.0,6.0,5.0,5.0,4.0,2.0,1.0,2.0,2.0,5.0,4.0,3.0,5.0,4.0,2.0,5.0,2.0,6.0,4.0,3.0,4.0,4.0,4.0,4.0,6.0,4.0,4.0,2.0,4.0,5.0,4.0,4.0,4.0,4.0,4.0,6.0,18.0,2.0,3,4,2,10,,,,,Australian ,3,4,2,15.200000000000001,9.333333333333332,4.8,2.0,0.0
47,R_1je8tQ8Dw7tnNcK,7.0,5.0,7.0,7.0,4.0,5.0,6.0,4.0,7.0,5.0,6.0,6.0,2.0,6.0,6.0,4.0,1.0,1.0,1.0,2.0,4.0,6.0,2.0,1.0,2.0,4.0,2.0,2.0,4.0,3.0,1.0,5.0,4.0,4.0,4.0,7.0,5.0,5.0,5.0,2.0,2.0,6.0,2.0,4.0,5.0,2.0,6.0,21.0,1.0,2,3,4,10,,,,,Australian / Scottish,2,3,4,14.0,9.333333333333332,5.333333333333333,2.0,0.0
48,R_1LkBHMIIHI6SjNt,6.0,7.0,6.0,7.0,5.0,5.0,5.0,6.0,5.0,5.0,5.0,5.0,4.0,4.0,5.0,3.0,3.0,1.0,5.0,3.0,6.0,4.0,2.0,2.0,4.0,4.0,3.0,3.0,4.0,2.0,2.0,6.0,6.0,3.0,4.0,6.0,4.0,6.0,4.0,4.0,4.0,6.0,4.0,5.0,5.0,4.0,6.0,21.0,2.0,4,4,4,10,,,,,Australian,,4,4,14.4,8.666666666666666,4.8,2.0,0.0
49,R_2c8gHShKYGvj5yh,6.0,6.0,6.0,6.0,6.0,5.0,5.0,6.0,5.0,3.0,5.0,6.0,6.0,6.0,6.0,2.0,3.0,3.0,2.0,1.0,5.0,5.0,2.0,2.0,3.0,4.0,2.0,5.0,5.0,3.0,3.0,6.0,5.0,4.0,6.0,5.0,4.0,5.0,4.0,3.0,3.0,6.0,4.0,5.0,4.0,5.0,5.0,20.0,2.0,5,3,5,10,,,,,Australian,5,3,4,14.0,8.0,6.4,2.0,0.0
50,R_ezIi2UMV4MwoodH,5.0,2.0,3.0,7.0,5.0,5.0,5.0,3.0,3.0,3.0,3.0,6.0,4.0,5.0,5.0,2.0,2.0,1.0,1.0,1.0,1.0,2.0,1.0,2.0,1.0,1.0,2.0,2.0,4.0,2.0,1.0,3.0,2.0,2.0,3.0,1.0,4.0,3.0,1.0,2.0,2.0,2.0,3.0,2.0,3.0,4.0,3.0,20.0,2.0,2,1,2,,,2,2,2,Australia ,2,1,2,10.8,5.666666666666666,5.333333333333333,0.0,0.0
51,R_1fkiouJj53FeMj2,5.0,5.0,6.0,6.0,6.0,5.0,3.0,6.0,2.0,2.0,4.0,6.0,6.0,5.0,6.0,2.0,3.0,1.0,5.0,5.0,7.0,7.0,2.0,2.0,3.0,2.0,3.0,2.0,6.0,2.0,4.0,7.0,7.0,6.0,6.0,6.0,6.0,6.0,3.0,7.0,5.0,6.0,5.0,6.0,5.0,6.0,7.0,21.0,1.0,4,4,4,10,,,,,Australian,,4,4,13.200000000000001,5.666666666666666,6.133333333333333,0.0,0.0
52,R_1E0R92gOiu6bxzL,7.0,5.0,7.0,7.0,6.0,6.0,4.0,6.0,5.0,6.0,6.0,5.0,6.0,5.0,5.0,3.0,3.0,1.0,5.0,5.0,6.0,6.0,2.0,1.0,5.0,5.0,6.0,3.0,6.0,2.0,1.0,6.0,5.0,3.0,6.0,6.0,5.0,5.0,5.0,6.0,6.0,5.0,5.0,6.0,6.0,5.0,6.0,20.0,2.0,5,4,3,9,England,2,4,3,Australian,5,5,3,15.200000000000001,9.0,5.6,2.0,0.0
53,R_3fejI4x8EnnvFJd,6.0,6.0,6.0,6.0,6.0,5.0,5.0,6.0,5.0,4.0,5.0,5.0,5.0,5.0,5.0,1.0,2.0,2.0,3.0,2.0,5.0,3.0,2.0,2.0,2.0,2.0,3.0,2.0,4.0,2.0,2.0,3.0,3.0,3.0,5.0,3.0,4.0,3.0,3.0,3.0,3.0,3.0,3.0,3.0,2.0,2.0,3.0,45.0,2.0,5,4,4,9,Japan ,4,4,4,Australia ,4,4,4,14.0,8.333333333333332,5.333333333333333,2.0,0.0
54,R_4N2CRYB6YDYkOCR,5.0,3.0,5.0,5.0,6.0,3.0,5.0,7.0,7.0,7.0,7.0,6.0,6.0,5.0,6.0,1.0,4.0,2.0,1.0,2.0,3.0,4.0,1.0,1.0,3.0,3.0,2.0,2.0,2.0,1.0,4.0,4.0,5.0,2.0,3.0,5.0,3.0,4.0,2.0,3.0,4.0,2.0,2.0,4.0,4.0,3.0,4.0,21.0,1.0,1,1,2,9,Australia ,5,5,5,Australian,5,5,5,10.8,11.0,6.133333333333333,2.0,2.0
55,R_2wbt3SkvocGNkTG,5.0,6.0,6.0,6.0,6.0,5.0,5.0,6.0,5.0,3.0,6.0,6.0,3.0,5.0,3.0,2.0,2.0,1.0,3.0,1.0,6.0,6.0,2.0,2.0,3.0,2.0,1.0,1.0,5.0,2.0,1.0,6.0,6.0,2.0,6.0,6.0,6.0,3.0,3.0,5.0,5.0,6.0,3.0,5.0,5.0,5.0,6.0,22.0,2.0,4,4,5,10,,,,,Caucasian ,5,5,5,13.600000000000001,8.333333333333332,4.533333333333333,2.0,0.0
56,R_1pysTtsXIO7vfRz,6.0,6.0,6.0,5.0,6.0,6.0,5.0,5.0,5.0,5.0,6.0,5.0,5.0,5.0,5.0,3.0,2.0,4.0,4.0,3.0,4.0,3.0,2.0,2.0,2.0,3.0,3.0,2.0,2.0,3.0,3.0,5.0,5.0,4.0,5.0,6.0,4.0,5.0,3.0,3.0,2.0,6.0,2.0,5.0,2.0,4.0,3.0,22.0,1.0,4,4,4,10,,,,,White,4,4,3,14.0,8.666666666666666,5.333333333333333,2.0,0.0
57,R_11ZzticlJsifMqG,5.0,5.0,5.0,5.0,5.0,5.0,5.0,5.0,5.0,5.0,6.0,5.0,6.0,5.0,5.0,1.0,2.0,1.0,2.0,1.0,3.0,2.0,2.0,1.0,2.0,2.0,2.0,1.0,3.0,2.0,2.0,3.0,2.0,2.0,2.0,3.0,3.0,2.0,1.0,2.0,2.0,2.0,2.0,3.0,2.0,3.0,3.0,20.0,2.0,5,1,2,10,,,,,White,4,3,3,12.0,8.666666666666666,5.6,2.0,0.0
58,R_1JDs167OggPl2xt,6.0,7.0,5.0,4.0,4.0,6.0,3.0,3.0,5.0,3.0,6.0,7.0,7.0,7.0,7.0,5.0,4.0,4.0,5.0,3.0,7.0,6.0,2.0,2.0,3.0,3.0,6.0,6.0,7.0,3.0,5.0,5.0,5.0,3.0,6.0,6.0,5.0,6.0,5.0,6.0,6.0,5.0,6.0,6.0,3.0,5.0,7.0,21.0,1.0,5,2,1,9,Spain,4,2,4,Italian,5,5,5,12.8,6.666666666666666,7.466666666666667,,0.0
59,R_24FZDHQHWs5EQFa,5.0,5.0,6.0,5.0,6.0,6.0,2.0,5.0,4.0,2.0,5.0,5.0,6.0,5.0,3.0,1.0,1.0,1.0,1.0,1.0,6.0,4.0,2.0,1.0,3.0,1.0,2.0,1.0,4.0,1.0,1.0,6.0,6.0,1.0,6.0,6.0,5.0,6.0,1.0,3.0,2.0,5.0,1.0,6.0,3.0,4.0,5.0,21.0,2.0,5,4,4,10,,,,,Caucasian,5,5,5,13.200000000000001,6.0,5.066666666666666,0.0,0.0
60,R_2rC3ZyzYVoBnxze,5.0,3.0,6.0,6.0,6.0,6.0,3.0,5.0,5.0,2.0,5.0,6.0,5.0,6.0,3.0,1.0,2.0,1.0,3.0,2.0,5.0,5.0,1.0,2.0,2.0,2.0,2.0,2.0,3.0,1.0,2.0,4.0,5.0,3.0,5.0,4.0,6.0,3.0,3.0,6.0,4.0,4.0,4.0,4.0,5.0,4.0,6.0,22.0,2.0,5,3,4,10,,,,,"White, United Kingdom",2,1,1,12.8,6.666666666666666,5.333333333333333,0.0,0.0
61,R_20ZKCKMEICQvSyn,5.0,6.0,7.0,7.0,7.0,5.0,7.0,6.0,7.0,3.0,7.0,5.0,6.0,5.0,3.0,1.0,1.0,1.0,1.0,1.0,2.0,5.0,1.0,1.0,2.0,1.0,1.0,1.0,2.0,1.0,3.0,3.0,3.0,2.0,6.0,5.0,1.0,1.0,2.0,2.0,1.0,3.0,1.0,2.0,1.0,2.0,6.0,22.0,2.0,5,5,5,10,,,,,Dutch,4,5,3,14.8,10.0,5.066666666666666,2.0,0.0
62,R_2QQHG96hHYwibak,6.0,7.0,6.0,6.0,6.0,5.0,6.0,5.0,6.0,6.0,6.0,5.0,6.0,4.0,5.0,3.0,4.0,2.0,3.0,5.0,5.0,5.0,3.0,4.0,2.0,5.0,5.0,5.0,4.0,4.0,5.0,6.0,4.0,4.0,5.0,5.0,4.0,4.0,4.0,5.0,4.0,5.0,4.0,5.0,5.0,4.0,6.0,22.0,1.0,2,2,4,10,,,,,Asian,4,4,4,14.4,9.666666666666666,5.333333333333333,2.0,1.0
63,R_uwAf8qzDnGkjDOh,6.0,4.0,5.0,5.0,6.0,3.0,2.0,6.0,5.0,2.0,5.0,5.0,5.0,5.0,7.0,1.0,3.0,2.0,3.0,1.0,4.0,2.0,2.0,1.0,2.0,3.0,3.0,1.0,2.0,1.0,2.0,6.0,3.0,3.0,3.0,5.0,2.0,2.0,2.0,3.0,3.0,4.0,2.0,4.0,4.0,3.0,3.0,21.0,2.0,5,4,3,9,Australia,4,3,3,Chinese,5,4,3,11.600000000000001,6.666666666666666,5.866666666666666,0.0,1.0
64,R_4I8Ryd47govYNxv,6.0,7.0,7.0,7.0,6.0,3.0,3.0,2.0,1.0,2.0,3.0,6.0,6.0,6.0,5.0,1.0,2.0,1.0,3.0,1.0,3.0,3.0,2.0,2.0,3.0,3.0,1.0,1.0,4.0,1.0,1.0,3.0,3.0,2.0,3.0,2.0,4.0,1.0,2.0,2.0,2.0,3.0,2.0,3.0,3.0,3.0,4.0,19.0,2.0,4,4,3,10,,,,,Australian ,4,4,3,14.4,3.6666666666666665,6.133333333333333,0.0,0.0
65,R_3pu7nZ5oDgWe4hh,6.0,3.0,7.0,4.0,6.0,7.0,5.0,6.0,6.0,5.0,4.0,5.0,4.0,5.0,5.0,3.0,2.0,3.0,4.0,3.0,4.0,4.0,4.0,4.0,3.0,2.0,2.0,3.0,4.0,4.0,2.0,3.0,4.0,3.0,4.0,4.0,4.0,4.0,4.0,4.0,5.0,5.0,3.0,4.0,4.0,5.0,5.0,21.0,2.0,5,3,4,9,Australia,4,3,3,Chinese,4,4,4,13.200000000000001,8.666666666666666,5.066666666666666,2.0,1.0
66,R_6ECbp4F3QuM7Jdf,6.0,6.0,6.0,6.0,3.0,5.0,3.0,4.0,6.0,2.0,5.0,4.0,5.0,4.0,5.0,3.0,3.0,2.0,3.0,3.0,4.0,3.0,2.0,3.0,3.0,3.0,3.0,3.0,3.0,2.0,3.0,4.0,4.0,3.0,4.0,4.0,4.0,4.0,2.0,2.0,2.0,4.0,4.0,4.0,3.0,3.0,5.0,20.0,2.0,2,4,4,10,,,,,Multiracial (Asian and British),2,4,4,12.8,6.666666666666666,4.8,0.0,2.0
67,R_3G9419e5XexDOSs,6.0,5.0,6.0,5.0,6.0,5.0,5.0,7.0,6.0,6.0,6.0,6.0,6.0,6.0,7.0,5.0,3.0,1.0,5.0,6.0,5.0,5.0,3.0,2.0,2.0,5.0,1.0,2.0,5.0,3.0,2.0,6.0,6.0,5.0,5.0,5.0,5.0,3.0,2.0,3.0,5.0,5.0,2.0,5.0,2.0,1.0,5.0,21.0,2.0,2,4,2,9,philippines,4,4,2,asian,4,4,4,13.200000000000001,10.0,6.666666666666667,2.0,1.0
68,R_27sqdMSff1wVVEW,6.0,6.0,6.0,5.0,5.0,2.0,5.0,5.0,6.0,3.0,6.0,4.0,6.0,5.0,4.0,2.0,3.0,2.0,4.0,4.0,6.0,6.0,2.0,2.0,4.0,4.0,2.0,3.0,5.0,3.0,3.0,4.0,5.0,4.0,6.0,6.0,5.0,5.0,5.0,4.0,6.0,5.0,4.0,5.0,5.0,5.0,7.0,20.0,2.0,4,3,3,9,Australia,3,2,4,Asian; Chinese-Indonesian,4,3,4,12.0,8.333333333333332,5.066666666666666,2.0,1.0
69,R_2WwEof9acHii0eD,6.0,6.0,7.0,6.0,6.0,5.0,6.0,5.0,5.0,4.0,6.0,3.0,5.0,4.0,3.0,1.0,2.0,2.0,1.0,2.0,4.0,2.0,2.0,1.0,1.0,2.0,2.0,1.0,1.0,1.0,2.0,2.0,2.0,2.0,2.0,1.0,2.0,2.0,1.0,2.0,2.0,2.0,2.0,2.0,4.0,3.0,1.0,21.0,2.0,4,4,4,9,Scotland and Australia,4,4,3,British ,4,3,2,14.4,8.666666666666666,4.0,2.0,2.0
70,R_OKa25PKpVj6eT17,5.0,5.0,6.0,5.0,5.0,5.0,3.0,3.0,6.0,4.0,5.0,6.0,6.0,5.0,6.0,3.0,5.0,1.0,5.0,2.0,3.0,7.0,2.0,1.0,3.0,5.0,2.0,5.0,3.0,2.0,2.0,6.0,6.0,3.0,5.0,6.0,5.0,5.0,3.0,5.0,5.0,5.0,3.0,5.0,5.0,5.0,5.0,23.0,2.0,5,4,4,10,,,,,Australian ,5,4,5,12.4,7.0,6.133333333333333,0.0,0.0
71,R_71A2jJEvHViyoIV,5.0,4.0,5.0,4.0,5.0,3.0,5.0,4.0,5.0,4.0,5.0,6.0,6.0,6.0,6.0,5.0,5.0,4.0,4.0,6.0,4.0,5.0,4.0,4.0,4.0,5.0,4.0,5.0,5.0,5.0,4.0,4.0,4.0,5.0,4.0,5.0,5.0,4.0,4.0,5.0,5.0,6.0,6.0,4.0,3.0,4.0,4.0,21.0,2.0,5,5,5,9,Melbourne,3,3,3,Chinese,5,5,5,10.4,7.666666666666666,6.4,0.0,1.0
72,R_1MYrZ94NtVOEyCc,5.0,5.0,6.0,5.0,5.0,2.0,4.0,5.0,5.0,5.0,5.0,5.0,6.0,5.0,5.0,3.0,3.0,2.0,5.0,5.0,6.0,5.0,3.0,2.0,3.0,5.0,3.0,2.0,5.0,2.0,5.0,5.0,5.0,3.0,4.0,5.0,3.0,3.0,3.0,5.0,4.0,3.0,3.0,4.0,2.0,3.0,4.0,52.0,1.0,4,4,2,9,Hong Kong,4,4,3,Bogan,4,4,2,11.200000000000001,8.0,5.6,2.0,0.0
73,R_3Ca5jXbUxwBZrm9,5.0,7.0,6.0,5.0,5.0,6.0,6.0,5.0,6.0,7.0,6.0,4.0,6.0,6.0,4.0,1.0,1.0,1.0,2.0,1.0,3.0,2.0,1.0,1.0,1.0,1.0,1.0,1.0,3.0,1.0,1.0,3.0,4.0,3.0,3.0,4.0,3.0,3.0,2.0,3.0,2.0,4.0,2.0,2.0,2.0,1.0,4.0,19.0,2.0,4,5,4,10,,,,,Caucasian,4,5,4,13.600000000000001,10.0,5.333333333333333,2.0,0.0
74,R_1j6ur7c3pbkd09A,6.0,5.0,5.0,6.0,7.0,2.0,7.0,7.0,7.0,2.0,6.0,6.0,5.0,5.0,6.0,2.0,2.0,4.0,2.0,2.0,5.0,5.0,4.0,1.0,2.0,3.0,1.0,5.0,5.0,2.0,4.0,5.0,5.0,2.0,4.0,4.0,6.0,3.0,3.0,4.0,3.0,5.0,2.0,4.0,3.0,2.0,3.0,21.0,2.0,3,4,3,9,Australia,4,3,4,,4,4,4,12.4,9.666666666666666,5.866666666666666,2.0,1.0
75,R_8cfszMsNG7ac6wV,6.0,6.0,6.0,4.0,3.0,2.0,6.0,6.0,5.0,4.0,5.0,6.0,7.0,6.0,6.0,1.0,1.0,1.0,1.0,1.0,1.0,2.0,2.0,1.0,1.0,1.0,1.0,1.0,2.0,1.0,1.0,3.0,4.0,3.0,4.0,6.0,4.0,2.0,2.0,1.0,3.0,4.0,2.0,4.0,2.0,2.0,4.0,22.0,2.0,4,2,2,10,,,,,Asian,4,4,4,10.8,8.666666666666666,6.666666666666667,2.0,1.0
76,R_25z1E67g35epKIj,7.0,7.0,7.0,5.0,2.0,2.0,4.0,3.0,5.0,1.0,6.0,5.0,5.0,5.0,4.0,1.0,3.0,1.0,3.0,1.0,6.0,4.0,3.0,1.0,3.0,3.0,5.0,2.0,2.0,2.0,2.0,4.0,3.0,3.0,4.0,3.0,4.0,2.0,3.0,3.0,3.0,5.0,2.0,4.0,4.0,5.0,6.0,23.0,1.0,5,5,3,10,,,,,Greek,4,3,3,12.0,6.333333333333333,5.066666666666666,0.0,0.0
77,R_w4QWQGy5AwM4Hqp,4.0,6.0,6.0,6.0,6.0,6.0,6.0,4.0,4.0,4.0,5.0,4.0,5.0,5.0,6.0,4.0,3.0,2.0,2.0,4.0,6.0,3.0,4.0,3.0,3.0,3.0,4.0,5.0,5.0,2.0,4.0,5.0,5.0,5.0,4.0,4.0,6.0,5.0,5.0,4.0,4.0,5.0,5.0,5.0,3.0,4.0,6.0,21.0,1.0,2,2,3,9,Australia,4,4,4,Chinese,4,4,4,13.600000000000001,7.666666666666666,5.333333333333333,0.0,1.0
78,R_6sPux6CV2kJD59n,5.0,5.0,7.0,5.0,7.0,2.0,3.0,6.0,5.0,5.0,6.0,6.0,6.0,6.0,7.0,5.0,5.0,2.0,5.0,7.0,7.0,7.0,4.0,2.0,3.0,6.0,6.0,7.0,7.0,4.0,7.0,7.0,7.0,7.0,7.0,7.0,7.0,7.0,7.0,7.0,7.0,6.0,6.0,7.0,7.0,7.0,6.0,20.0,2.0,4,5,5,9,Australia,5,5,5,Asian,5,5,5,12.4,8.333333333333332,6.666666666666667,2.0,1.0
79,R_O9YudYsTMKuB6sp,6.0,5.0,5.0,6.0,7.0,7.0,5.0,5.0,6.0,4.0,5.0,3.0,5.0,5.0,5.0,4.0,2.0,2.0,4.0,1.0,3.0,4.0,2.0,2.0,2.0,3.0,1.0,2.0,3.0,3.0,1.0,4.0,1.0,4.0,4.0,4.0,3.0,1.0,4.0,3.0,2.0,5.0,2.0,4.0,4.0,3.0,5.0,20.0,2.0,3,3,3,10,,,,,Greek,4,4,4,14.4,8.333333333333332,4.8,2.0,0.0
80,R_1BShSyFmCVRuOtR,3.0,5.0,3.0,1.0,2.0,6.0,2.0,6.0,6.0,6.0,6.0,5.0,6.0,6.0,6.0,3.0,2.0,2.0,4.0,2.0,3.0,5.0,3.0,3.0,2.0,2.0,3.0,2.0,2.0,4.0,2.0,5.0,4.0,2.0,4.0,5.0,5.0,2.0,5.0,2.0,5.0,5.0,4.0,4.0,4.0,4.0,6.0,21.0,2.0,2,3,3,10,,,,,Greek,4,4,4,8.0,8.666666666666666,6.133333333333333,1.0,0.0
81,R_1d6tjN4sYKfxVi9,5.0,5.0,5.0,6.0,6.0,4.0,5.0,6.0,6.0,5.0,6.0,6.0,6.0,6.0,5.0,1.0,1.0,1.0,2.0,2.0,5.0,3.0,1.0,1.0,1.0,2.0,2.0,1.0,1.0,1.0,1.0,6.0,4.0,1.0,4.0,2.0,4.0,1.0,1.0,3.0,3.0,4.0,2.0,3.0,3.0,1.0,6.0,,2.0,4,3,3,10,,,,,,4,4,3,12.4,9.333333333333332,6.133333333333333,2.0,2.0
82,R_1N4iWDkV5q8DEbk,6.0,6.0,6.0,5.0,6.0,7.0,6.0,5.0,7.0,2.0,5.0,4.0,5.0,4.0,5.0,1.0,1.0,1.0,3.0,1.0,4.0,1.0,1.0,1.0,2.0,1.0,1.0,1.0,1.0,1.0,2.0,2.0,2.0,3.0,2.0,1.0,2.0,2.0,1.0,3.0,3.0,2.0,2.0,2.0,3.0,1.0,2.0,69.0,2.0,3,4,4,9,Europe and Papua New Guinea,4,4,4,Australia,4,4,4,14.4,8.333333333333332,4.8,2.0,0.0
83,R_qUWeqAmw0dE94Ep,5.0,3.0,3.0,5.0,4.0,3.0,5.0,6.0,6.0,4.0,5.0,5.0,5.0,5.0,5.0,3.0,3.0,5.0,3.0,6.0,6.0,6.0,3.0,3.0,7.0,7.0,2.0,4.0,5.0,6.0,5.0,4.0,7.0,7.0,6.0,6.0,6.0,5.0,6.0,6.0,6.0,6.0,7.0,5.0,6.0,6.0,7.0,26.0,1.0,5,4,4,9,,4,4,4,USA/Australian ,5,4,4,9.200000000000001,8.666666666666666,5.333333333333333,1.0,0.0
84,R_3huP9dBC2T8Zqy0,6.0,6.0,7.0,4.0,5.0,6.0,5.0,3.0,6.0,4.0,5.0,6.0,4.0,5.0,3.0,1.0,3.0,1.0,5.0,2.0,1.0,4.0,3.0,2.0,2.0,3.0,2.0,2.0,4.0,2.0,2.0,4.0,1.0,3.0,3.0,1.0,4.0,2.0,2.0,2.0,5.0,4.0,4.0,4.0,4.0,3.0,6.0,20.0,2.0,2,3,2,10,,,,,"Australian, Welsh",1,1,2,13.600000000000001,7.666666666666666,4.8,0.0,0.0
85,R_3Ic2lwgqcKmgNIv,5.0,5.0,6.0,6.0,6.0,5.0,6.0,5.0,5.0,6.0,6.0,5.0,6.0,5.0,5.0,3.0,4.0,2.0,4.0,3.0,4.0,4.0,3.0,2.0,3.0,4.0,2.0,3.0,3.0,2.0,3.0,4.0,4.0,2.0,4.0,5.0,4.0,4.0,3.0,4.0,3.0,4.0,4.0,4.0,5.0,4.0,4.0,20.0,2.0,4,3,3,10,,,,,Italian ,4,4,3,13.200000000000001,9.333333333333332,5.6,2.0,0.0
86,R_Os6bAcvXpfUhbXz,6.0,5.0,6.0,5.0,7.0,7.0,7.0,6.0,6.0,6.0,7.0,7.0,7.0,7.0,6.0,1.0,3.0,1.0,2.0,2.0,6.0,6.0,2.0,2.0,2.0,3.0,4.0,2.0,5.0,4.0,2.0,5.0,3.0,3.0,6.0,4.0,4.0,4.0,3.0,2.0,2.0,4.0,2.0,6.0,3.0,4.0,3.0,20.0,2.0,4,4,5,9,australia,4,2,3,Asian,5,4,5,14.4,10.666666666666666,7.2,,1.0
87,R_2rIUzCxtWZO2mZt,6.0,7.0,6.0,6.0,6.0,6.0,4.0,5.0,3.0,2.0,4.0,5.0,6.0,6.0,6.0,1.0,4.0,3.0,2.0,6.0,7.0,7.0,1.0,4.0,4.0,2.0,2.0,6.0,7.0,1.0,1.0,5.0,7.0,6.0,6.0,5.0,5.0,4.0,5.0,6.0,5.0,5.0,4.0,6.0,4.0,5.0,6.0,22.0,1.0,5,3,4,10,,,,,Chinese,4,4,4,14.8,6.0,6.133333333333333,0.0,1.0
88,R_V3AN14H6X6ebCSZ,6.0,6.0,6.0,6.0,7.0,4.0,2.0,5.0,4.0,2.0,6.0,6.0,7.0,6.0,6.0,7.0,7.0,3.0,6.0,4.0,6.0,6.0,6.0,6.0,4.0,5.0,6.0,6.0,4.0,5.0,5.0,6.0,6.0,5.0,5.0,6.0,6.0,6.0,5.0,5.0,5.0,6.0,4.0,6.0,4.0,4.0,6.0,30.0,1.0,3,1,1,9,Australia,3,1,1,Korean,4,1,1,14.0,6.333333333333333,6.666666666666667,0.0,1.0
89,R_21FHcnG91p81ut4,4.0,5.0,6.0,6.0,6.0,2.0,5.0,5.0,6.0,3.0,6.0,6.0,4.0,4.0,4.0,2.0,1.0,2.0,2.0,2.0,2.0,2.0,2.0,2.0,2.0,2.0,2.0,2.0,3.0,1.0,3.0,2.0,,2.0,2.0,2.0,2.0,2.0,2.0,2.0,2.0,3.0,2.0,2.0,2.0,2.0,4.0,48.0,1.0,4,3,3,10,,,,,,,,,11.600000000000001,8.333333333333332,4.8,2.0,0.0
90,R_21snQ9LhMUoKAK4,6.0,6.0,6.0,6.0,6.0,5.0,7.0,6.0,5.0,5.0,5.0,5.0,5.0,5.0,5.0,2.0,3.0,2.0,3.0,2.0,2.0,2.0,2.0,1.0,2.0,2.0,2.0,2.0,1.0,2.0,1.0,2.0,3.0,2.0,2.0,1.0,2.0,2.0,1.0,1.0,2.0,2.0,2.0,3.0,1.0,2.0,,21.0,2.0,4,4,4,9,England ,4,4,4,,3,3,3,14.0,9.333333333333332,5.333333333333333,2.0,0.0
91,R_1JXFm4NVvR9QCnq,6.0,5.0,5.0,5.0,4.0,3.0,3.0,5.0,6.0,4.0,6.0,7.0,7.0,7.0,5.0,2.0,2.0,2.0,3.0,2.0,4.0,5.0,3.0,2.0,2.0,3.0,2.0,2.0,3.0,2.0,2.0,4.0,4.0,3.0,5.0,5.0,4.0,5.0,3.0,2.0,3.0,5.0,5.0,4.0,5.0,4.0,4.0,21.0,2.0,5,5,5,10,,,,,White,4,4,5,11.200000000000001,8.0,6.933333333333334,2.0,0.0
92,R_2YboSFhThupCl5r,6.0,4.0,7.0,4.0,7.0,3.0,6.0,4.0,5.0,2.0,6.0,3.0,3.0,5.0,2.0,2.0,4.0,2.0,5.0,3.0,5.0,4.0,3.0,4.0,3.0,5.0,5.0,3.0,2.0,3.0,4.0,5.0,5.0,4.0,5.0,5.0,5.0,4.0,5.0,5.0,6.0,6.0,4.0,4.0,5.0,3.0,5.0,22.0,2.0,4,2,2,10,,,,,Chinese,2,2,2,12.4,7.666666666666666,3.466666666666667,0.0,1.0
93,R_1XNM2O5RsuKUsh3,6.0,7.0,7.0,7.0,7.0,6.0,2.0,5.0,5.0,2.0,6.0,3.0,6.0,6.0,2.0,1.0,2.0,1.0,6.0,1.0,7.0,5.0,3.0,2.0,3.0,5.0,3.0,1.0,6.0,3.0,2.0,5.0,6.0,2.0,6.0,6.0,3.0,3.0,4.0,5.0,6.0,6.0,4.0,2.0,6.0,5.0,7.0,20.0,2.0,4,4,5,10,,,,,Vietnamese,2,2,2,16.0,6.666666666666666,4.533333333333333,0.0,2.0
94,R_1dAl38KAeXkGu61,6.0,6.0,6.0,6.0,6.0,4.0,3.0,2.0,3.0,3.0,6.0,6.0,6.0,5.0,5.0,2.0,3.0,2.0,2.0,1.0,6.0,5.0,2.0,2.0,5.0,3.0,4.0,3.0,5.0,3.0,4.0,5.0,5.0,3.0,5.0,6.0,5.0,5.0,3.0,4.0,3.0,5.0,3.0,5.0,4.0,3.0,3.0,23.0,2.0,4,5,4,,,4,2,4,Half Japanese ,3,4,,13.600000000000001,5.666666666666666,5.866666666666666,0.0,2.0
95,R_10pVSqxDJKRz2PW,6.0,5.0,7.0,7.0,3.0,5.0,4.0,3.0,6.0,5.0,7.0,5.0,6.0,6.0,4.0,5.0,1.0,1.0,1.0,1.0,7.0,5.0,5.0,3.0,3.0,2.0,2.0,1.0,5.0,5.0,2.0,5.0,6.0,5.0,6.0,6.0,6.0,4.0,3.0,5.0,5.0,5.0,5.0,6.0,5.0,2.0,7.0,20.0,2.0,4,3,2,10,,,,,Vietnamese / Scottish,4,5,5,13.200000000000001,8.333333333333332,5.6,2.0,2.0
96,R_3Jk06O7ctIKlbC8,7.0,7.0,7.0,7.0,7.0,5.0,2.0,5.0,5.0,2.0,4.0,5.0,6.0,6.0,3.0,3.0,2.0,1.0,3.0,1.0,7.0,7.0,3.0,3.0,5.0,7.0,3.0,2.0,7.0,2.0,1.0,4.0,4.0,4.0,4.0,6.0,5.0,3.0,4.0,5.0,5.0,5.0,5.0,4.0,5.0,4.0,,22.0,2.0,2,3,3,10,,,,,,2,3,3,16.0,6.0,5.333333333333333,0.0,0.0
97,R_3kpoVBoor2sddjK,7.0,5.0,5.0,5.0,7.0,5.0,3.0,5.0,4.0,4.0,6.0,5.0,5.0,5.0,5.0,1.0,1.0,2.0,3.0,3.0,4.0,2.0,2.0,2.0,2.0,2.0,2.0,4.0,4.0,2.0,2.0,4.0,4.0,1.0,4.0,4.0,4.0,5.0,1.0,2.0,4.0,4.0,1.0,4.0,4.0,4.0,4.0,19.0,2.0,4,4,4,9,Vietnam,4,2,1,Mixed Thai-Australian,4,4,4,13.600000000000001,7.333333333333333,5.333333333333333,0.0,2.0
98,R_1DAA4LnPmESx5ms,6.0,7.0,7.0,7.0,4.0,6.0,1.0,5.0,6.0,4.0,5.0,7.0,6.0,6.0,4.0,6.0,4.0,2.0,5.0,2.0,6.0,6.0,2.0,2.0,2.0,2.0,2.0,2.0,6.0,4.0,3.0,6.0,4.0,1.0,6.0,6.0,2.0,2.0,2.0,3.0,2.0,5.0,4.0,4.0,4.0,5.0,6.0,21.0,2.0,5,5,5,10,,,,,Australian ,5,5,5,14.8,7.0,6.133333333333333,0.0,0.0
99,R_ThzUvucRIySpz0d,7.0,5.0,7.0,5.0,5.0,6.0,6.0,5.0,4.0,3.0,4.0,5.0,6.0,4.0,4.0,2.0,2.0,2.0,4.0,3.0,6.0,4.0,2.0,2.0,5.0,4.0,2.0,2.0,2.0,2.0,2.0,5.0,5.0,2.0,5.0,6.0,5.0,6.0,2.0,3.0,6.0,5.0,2.0,5.0,4.0,5.0,6.0,19.0,2.0,5,4,2,9,Netherlands,1,1,2,Chinese-Indonesian,4,4,2,14.0,7.333333333333333,5.066666666666666,0.0,1.0
100,R_Teh3eZym8UExnnb,6.0,6.0,7.0,6.0,6.0,5.0,7.0,3.0,1.0,3.0,4.0,5.0,7.0,5.0,6.0,2.0,3.0,2.0,2.0,2.0,2.0,5.0,4.0,2.0,2.0,2.0,3.0,2.0,2.0,2.0,2.0,2.0,2.0,3.0,2.0,2.0,2.0,3.0,2.0,2.0,2.0,2.0,2.0,5.0,2.0,2.0,5.0,20.0,2.0,5,5,5,9,Hong Kong and UK,5,5,5,White,4,4,4,14.4,6.0,6.133333333333333,0.0,0.0
101,R_1oGa3ffO2VujvIx,3.0,5.0,5.0,6.0,6.0,5.0,6.0,5.0,6.0,6.0,5.0,6.0,6.0,6.0,6.0,1.0,5.0,2.0,3.0,5.0,5.0,6.0,1.0,1.0,2.0,5.0,2.0,3.0,3.0,1.0,5.0,5.0,6.0,3.0,6.0,6.0,4.0,6.0,2.0,4.0,3.0,6.0,4.0,5.0,3.0,4.0,4.0,24.0,1.0,4,3,4,10,,,,,Irish,1,1,1,12.0,9.333333333333332,6.4,2.0,0.0
102,R_3DdpPlYbAKhBj49,7.0,7.0,7.0,7.0,7.0,5.0,7.0,5.0,6.0,6.0,5.0,6.0,7.0,6.0,6.0,4.0,4.0,5.0,3.0,5.0,5.0,6.0,5.0,4.0,4.0,5.0,5.0,5.0,5.0,3.0,3.0,5.0,4.0,3.0,5.0,5.0,3.0,4.0,5.0,4.0,4.0,5.0,6.0,4.0,5.0,4.0,4.0,59.0,3.0,5,4,4,9,USA,5,4,4,Asian,5,5,5,16.0,9.666666666666666,6.666666666666667,2.0,1.0
103,R_22YpEHnvFBSbY8m,7.0,6.0,6.0,7.0,6.0,6.0,5.0,4.0,5.0,3.0,5.0,5.0,6.0,6.0,6.0,1.0,2.0,1.0,1.0,2.0,4.0,3.0,2.0,1.0,3.0,1.0,1.0,2.0,3.0,1.0,1.0,6.0,2.0,2.0,4.0,5.0,5.0,3.0,1.0,3.0,2.0,5.0,3.0,5.0,3.0,2.0,3.0,23.0,2.0,4,2,2,10,,,,,Settler Australian/Austrian,4,4,4,15.200000000000001,7.333333333333333,6.133333333333333,0.0,0.0
104,R_3jffnUuTLpV7TBm,7.0,7.0,7.0,7.0,6.0,5.0,6.0,4.0,5.0,3.0,6.0,6.0,6.0,6.0,6.0,1.0,2.0,1.0,5.0,1.0,7.0,4.0,1.0,1.0,3.0,5.0,1.0,1.0,3.0,1.0,1.0,6.0,5.0,5.0,5.0,5.0,5.0,3.0,3.0,3.0,3.0,5.0,1.0,5.0,2.0,5.0,6.0,22.0,2.0,4,4,4,10,,,,,Irish,1,1,1,15.600000000000001,8.0,6.4,2.0,0.0
105,R_1P8lgPDzSsJxcmx,5.0,7.0,7.0,7.0,6.0,6.0,6.0,5.0,2.0,3.0,6.0,6.0,6.0,6.0,4.0,2.0,2.0,1.0,5.0,3.0,3.0,5.0,2.0,2.0,2.0,2.0,2.0,3.0,2.0,2.0,1.0,4.0,3.0,2.0,6.0,6.0,3.0,4.0,4.0,4.0,2.0,7.0,2.0,4.0,3.0,3.0,6.0,21.0,2.0,5,4,4,10,,,,,Italian & German ,4,4,4,15.200000000000001,7.333333333333333,5.866666666666666,0.0,0.0
106,R_3qKZAk6Pztnq7Gz,3.0,5.0,5.0,4.0,4.0,5.0,5.0,6.0,7.0,7.0,7.0,5.0,6.0,7.0,7.0,1.0,5.0,4.0,3.0,5.0,6.0,4.0,2.0,2.0,3.0,3.0,4.0,4.0,6.0,2.0,5.0,4.0,4.0,3.0,4.0,6.0,5.0,4.0,6.0,3.0,5.0,3.0,3.0,5.0,5.0,5.0,4.0,21.0,2.0,4,4,5,9,Australia ,4,4,4,Chinese ,5,5,5,10.4,10.666666666666666,6.666666666666667,2.0,1.0
107,R_3PjybQEZW1uV0Rv,5.0,4.0,5.0,6.0,6.0,3.0,3.0,5.0,5.0,5.0,6.0,5.0,7.0,7.0,6.0,4.0,4.0,2.0,6.0,2.0,7.0,5.0,4.0,1.0,5.0,5.0,2.0,2.0,3.0,3.0,3.0,4.0,3.0,3.0,3.0,5.0,3.0,2.0,2.0,3.0,3.0,4.0,5.0,4.0,4.0,4.0,4.0,20.0,2.0,5,3,4,9,"Singapore, Melbourne",5,3,4,Australian-Filipino,5,5,5,11.600000000000001,8.0,6.666666666666667,2.0,2.0
108,R_31u9uaHzACIhTDX,6.0,6.0,6.0,6.0,6.0,6.0,6.0,4.0,5.0,3.0,5.0,6.0,6.0,6.0,5.0,2.0,1.0,1.0,1.0,1.0,4.0,1.0,1.0,2.0,2.0,1.0,2.0,1.0,1.0,4.0,1.0,2.0,3.0,2.0,2.0,2.0,1.0,2.0,2.0,4.0,4.0,2.0,1.0,1.0,1.0,2.0,4.0,41.0,1.0,4,,1,9,Papua New Guinea,4,1,1,Northern European,1,1,1,14.4,7.666666666666666,6.133333333333333,0.0,0.0
109,R_2aE7COJcgRNmBFu,5.0,3.0,3.0,3.0,5.0,3.0,2.0,5.0,2.0,2.0,5.0,2.0,5.0,3.0,3.0,5.0,3.0,2.0,5.0,3.0,6.0,6.0,5.0,5.0,6.0,3.0,6.0,5.0,6.0,3.0,3.0,6.0,6.0,3.0,6.0,6.0,6.0,5.0,2.0,3.0,3.0,5.0,4.0,5.0,3.0,3.0,5.0,18.0,2.0,4,4,5,10,,,,,Chinese,4,4,4,8.8,5.333333333333333,3.466666666666667,,2.0
110,R_1OiU61GnSZlOBqu,5.0,5.0,6.0,6.0,5.0,5.0,2.0,5.0,5.0,3.0,5.0,6.0,7.0,6.0,6.0,1.0,2.0,1.0,2.0,5.0,5.0,5.0,2.0,2.0,5.0,2.0,2.0,2.0,3.0,1.0,2.0,2.0,5.0,2.0,3.0,3.0,5.0,2.0,2.0,3.0,5.0,3.0,2.0,5.0,5.0,3.0,5.0,54.0,2.0,4,4,4,10,,,,,Australian,4,4,4,12.8,6.666666666666666,6.666666666666667,0.0,0.0
111,R_u53ah2WplZPfLbP,6.0,6.0,7.0,7.0,6.0,3.0,6.0,7.0,6.0,3.0,5.0,6.0,6.0,6.0,6.0,1.0,1.0,1.0,1.0,1.0,5.0,2.0,1.0,1.0,1.0,1.0,1.0,1.0,2.0,1.0,1.0,4.0,6.0,1.0,2.0,6.0,2.0,6.0,1.0,2.0,1.0,2.0,4.0,2.0,1.0,1.0,3.0,20.0,2.0,5,3,3,10,,,,,Anglo-Saxon,4,3,3,14.0,9.0,6.4,2.0,0.0
112,R_2Pcf26ZcR9gDt3W,3.0,4.0,4.0,3.0,2.0,3.0,6.0,6.0,6.0,7.0,6.0,6.0,6.0,6.0,6.0,2.0,2.0,1.0,2.0,2.0,7.0,7.0,2.0,6.0,6.0,5.0,2.0,3.0,6.0,2.0,2.0,7.0,7.0,6.0,7.0,6.0,7.0,2.0,7.0,6.0,7.0,7.0,7.0,7.0,7.0,6.0,7.0,24.0,2.0,5,2,1,9,Netherlands,4,3,3,Asian,5,2,2,7.6000000000000005,10.333333333333332,6.4,1.0,1.0
113,R_2CwQEI7AbM6xKqY,5.0,6.0,6.0,5.0,5.0,3.0,4.0,6.0,6.0,3.0,6.0,2.0,3.0,2.0,2.0,1.0,2.0,1.0,2.0,2.0,4.0,4.0,2.0,1.0,3.0,2.0,1.0,1.0,4.0,1.0,1.0,3.0,1.0,2.0,3.0,2.0,4.0,4.0,1.0,2.0,3.0,4.0,2.0,2.0,4.0,1.0,4.0,23.0,2.0,4,3,1,10,,,,,Anglo/White,2,2,2,12.0,8.333333333333332,2.4,2.0,0.0
114,R_24nMZF5L6NxQBWC,7.0,7.0,7.0,7.0,6.0,7.0,3.0,5.0,6.0,2.0,6.0,6.0,6.0,6.0,4.0,1.0,1.0,1.0,1.0,1.0,2.0,2.0,1.0,1.0,1.0,1.0,1.0,1.0,5.0,1.0,1.0,2.0,1.0,1.0,2.0,1.0,2.0,1.0,2.0,2.0,1.0,2.0,2.0,2.0,1.0,2.0,5.0,21.0,2.0,3,4,4,10,,,,,English,1,1,1,16.400000000000002,7.333333333333333,5.866666666666666,0.0,0.0
115,R_2f9FVPifhXHSTxC,7.0,7.0,7.0,7.0,6.0,6.0,6.0,5.0,4.0,2.0,5.0,7.0,7.0,7.0,7.0,1.0,1.0,1.0,1.0,1.0,2.0,1.0,1.0,1.0,2.0,2.0,1.0,1.0,1.0,1.0,1.0,1.0,2.0,1.0,1.0,1.0,1.0,1.0,1.0,1.0,1.0,2.0,1.0,2.0,2.0,1.0,4.0,42.0,2.0,5,5,3,10,,,,,Australian,5,5,,16.0,7.333333333333333,7.466666666666667,,0.0
116,R_abYLYX3L0jJLhYJ,5.0,2.0,3.0,5.0,1.0,5.0,5.0,7.0,5.0,2.0,6.0,3.0,5.0,3.0,5.0,4.0,5.0,2.0,5.0,2.0,7.0,7.0,2.0,2.0,1.0,4.0,3.0,3.0,6.0,2.0,2.0,6.0,5.0,2.0,7.0,7.0,7.0,6.0,4.0,6.0,7.0,6.0,2.0,6.0,7.0,6.0,7.0,20.0,2.0,4,4,4,10,,,,,White,2,1,4,8.4,8.333333333333332,4.266666666666667,1.0,0.0
117,R_2rHfZZb2PP5CJzu,5.0,5.0,6.0,6.0,5.0,3.0,5.0,6.0,6.0,5.0,6.0,6.0,6.0,6.0,6.0,1.0,2.0,1.0,3.0,3.0,4.0,4.0,2.0,2.0,3.0,2.0,2.0,3.0,4.0,3.0,2.0,4.0,3.0,3.0,4.0,3.0,3.0,3.0,3.0,3.0,4.0,4.0,3.0,3.0,4.0,3.0,3.0,68.0,1.0,4,4,4,10,,,,,English ,4,4,3,12.0,9.333333333333332,6.4,2.0,0.0
118,R_3j22iwm7eASOuRl,4.0,5.0,5.0,4.0,5.0,5.0,5.0,5.0,5.0,5.0,6.0,5.0,4.0,4.0,4.0,5.0,5.0,5.0,5.0,5.0,5.0,5.0,5.0,5.0,5.0,5.0,5.0,5.0,5.0,5.0,5.0,5.0,5.0,5.0,5.0,5.0,5.0,5.0,5.0,4.0,5.0,5.0,5.0,5.0,5.0,5.0,5.0,21.0,1.0,4,3,4,9,Australia and Singapore,4,4,4,Chinese,4,4,4,11.200000000000001,8.666666666666666,4.533333333333333,2.0,1.0
119,R_1LG1RDGW99NSdan,6.0,4.0,4.0,4.0,4.0,2.0,5.0,5.0,5.0,4.0,5.0,6.0,6.0,6.0,6.0,2.0,3.0,1.0,5.0,4.0,6.0,6.0,5.0,2.0,6.0,2.0,4.0,6.0,5.0,4.0,4.0,5.0,4.0,5.0,5.0,3.0,3.0,4.0,3.0,4.0,5.0,5.0,4.0,5.0,6.0,3.0,4.0,21.0,1.0,5,4,4,10,,,,,Chinese,5,4,4,9.600000000000001,8.0,6.4,1.0,1.0
120,R_1QJvRdC32O9ej3f,5.0,5.0,6.0,5.0,6.0,5.0,4.0,4.0,5.0,3.0,5.0,5.0,5.0,3.0,5.0,2.0,2.0,2.0,3.0,1.0,4.0,4.0,3.0,2.0,3.0,3.0,2.0,2.0,4.0,2.0,2.0,4.0,4.0,3.0,4.0,4.0,4.0,3.0,3.0,3.0,4.0,4.0,3.0,4.0,4.0,4.0,4.0,26.0,1.0,4,3,3,10,,,,,Caucasian ,3,5,3,12.8,7.0,4.8,0.0,2.0
121,R_2PdoQGoDM2FY9oW,5.0,5.0,7.0,7.0,7.0,2.0,5.0,5.0,5.0,2.0,5.0,5.0,6.0,6.0,5.0,1.0,1.0,1.0,2.0,1.0,6.0,5.0,1.0,2.0,1.0,2.0,1.0,2.0,3.0,1.0,1.0,5.0,4.0,2.0,6.0,4.0,4.0,2.0,1.0,4.0,5.0,6.0,4.0,5.0,4.0,4.0,6.0,57.0,1.0,5,4,3,9,Fiji and Mexico,4,2,1,Australian ,5,4,2,13.200000000000001,7.333333333333333,5.866666666666666,0.0,0.0
122,R_3RsdpsJUhx0Sm4k,6.0,3.0,6.0,6.0,6.0,4.0,4.0,6.0,5.0,4.0,5.0,6.0,6.0,6.0,5.0,1.0,2.0,2.0,5.0,3.0,6.0,2.0,1.0,1.0,2.0,1.0,1.0,1.0,4.0,6.0,2.0,5.0,5.0,1.0,5.0,6.0,1.0,4.0,1.0,4.0,4.0,4.0,4.0,4.0,3.0,2.0,5.0,56.0,2.0,4,4,4,9,Central America,1,1,3,Australian,5,4,4,12.4,8.0,6.133333333333333,2.0,0.0
123,R_2atnrtHe2KQsaoM,6.0,7.0,7.0,7.0,7.0,7.0,6.0,5.0,4.0,2.0,6.0,4.0,4.0,4.0,4.0,1.0,1.0,2.0,1.0,5.0,7.0,6.0,1.0,1.0,1.0,1.0,1.0,2.0,2.0,1.0,5.0,6.0,5.0,5.0,6.0,7.0,5.0,1.0,5.0,5.0,5.0,5.0,3.0,5.0,5.0,5.0,6.0,30.0,2.0,3,4,4,9,New Zealand,5,4,5,Chinese,4,4,4,16.400000000000002,7.666666666666666,4.266666666666667,0.0,1.0
124,R_2WCppBUlX0PR9sw,6.0,6.0,6.0,6.0,7.0,6.0,5.0,5.0,6.0,5.0,5.0,6.0,6.0,6.0,6.0,2.0,2.0,2.0,2.0,1.0,2.0,4.0,2.0,2.0,2.0,2.0,3.0,2.0,3.0,2.0,2.0,4.0,2.0,3.0,3.0,4.0,4.0,2.0,2.0,3.0,2.0,3.0,2.0,4.0,2.0,3.0,5.0,21.0,2.0,4,5,5,9,"Hong Kong, America ",4,4,4,Italian ,4,4,4,14.8,8.666666666666666,6.4,2.0,0.0
125,R_UfOXWj94KrCsdUd,7.0,6.0,7.0,7.0,7.0,7.0,6.0,5.0,5.0,5.0,6.0,6.0,5.0,5.0,5.0,1.0,2.0,1.0,3.0,1.0,2.0,4.0,2.0,1.0,3.0,3.0,2.0,1.0,1.0,2.0,1.0,6.0,1.0,3.0,5.0,3.0,4.0,3.0,2.0,4.0,3.0,2.0,4.0,6.0,4.0,4.0,5.0,22.0,2.0,4,5,5,9,Hong Kong ,4,3,2,Australian,4,5,5,16.400000000000002,9.0,5.6,2.0,0.0
126,R_2b2W05NnjFpHwEX,5.0,3.0,3.0,3.0,5.0,3.0,6.0,6.0,5.0,5.0,6.0,6.0,6.0,6.0,6.0,6.0,5.0,3.0,3.0,5.0,5.0,5.0,2.0,3.0,5.0,3.0,2.0,6.0,5.0,4.0,5.0,6.0,5.0,3.0,6.0,6.0,4.0,2.0,5.0,4.0,3.0,5.0,5.0,6.0,4.0,4.0,5.0,21.0,3.0,4,4,2,10,,,,,Khmer,4,4,2,8.8,9.333333333333332,6.4,1.0,2.0
127,R_wN3pWSedoXSSg5H,1.0,7.0,1.0,1.0,1.0,1.0,7.0,7.0,7.0,7.0,7.0,6.0,6.0,7.0,6.0,7.0,7.0,7.0,2.0,2.0,7.0,6.0,2.0,6.0,2.0,6.0,6.0,6.0,7.0,7.0,7.0,7.0,6.0,6.0,3.0,7.0,2.0,7.0,7.0,7.0,3.0,6.0,7.0,5.0,2.0,7.0,2.0,45.0,1.0,5,5,5,10,,,,,,5,5,5,4.800000000000001,11.666666666666666,6.666666666666667,1.0,1.0
128,R_3D0cNM3JIjTQJbH,2.0,2.0,2.0,2.0,2.0,2.0,7.0,7.0,7.0,7.0,7.0,5.0,5.0,5.0,5.0,6.0,2.0,6.0,2.0,1.0,2.0,2.0,2.0,6.0,2.0,2.0,2.0,2.0,6.0,6.0,2.0,6.0,6.0,6.0,6.0,6.0,6.0,6.0,7.0,6.0,6.0,6.0,6.0,6.0,7.0,7.0,6.0,,2.0,1,1,1,10,,,,,Japanese and chinese ,5,5,5,4.800000000000001,11.666666666666666,5.333333333333333,1.0,2.0
129,R_2ROIiqQnZc7lPlA,1.0,1.0,1.0,1.0,1.0,1.0,7.0,7.0,7.0,7.0,7.0,5.0,5.0,5.0,5.0,6.0,1.0,5.0,1.0,2.0,3.0,7.0,2.0,7.0,2.0,3.0,2.0,1.0,3.0,1.0,1.0,7.0,7.0,7.0,7.0,7.0,7.0,7.0,7.0,7.0,7.0,7.0,7.0,7.0,7.0,7.0,2.0,30.0,1.0,5,5,5,9,AUS,5,5,5,KOREAN ASIAN,5,5,5,2.4000000000000004,11.666666666666666,5.333333333333333,1.0,1.0
130,R_1i3PddALpRYPNoF,1.0,1.0,1.0,1.0,1.0,1.0,7.0,7.0,7.0,7.0,6.0,2.0,5.0,2.0,2.0,7.0,7.0,7.0,7.0,7.0,7.0,7.0,7.0,7.0,7.0,7.0,7.0,7.0,7.0,7.0,7.0,7.0,7.0,7.0,7.0,7.0,7.0,7.0,7.0,7.0,7.0,7.0,7.0,7.0,7.0,7.0,7.0,23.0,1.0,4,5,4,10,,,,,ASIAN ,5,2,5,2.4000000000000004,11.333333333333332,2.933333333333333,1.0,2.0
131,R_qRyGu7AO4n08vcJ,5.0,6.0,6.0,6.0,5.0,2.0,5.0,5.0,6.0,2.0,5.0,5.0,6.0,6.0,5.0,3.0,2.0,1.0,4.0,4.0,6.0,5.0,5.0,2.0,2.0,4.0,3.0,3.0,5.0,2.0,3.0,6.0,5.0,2.0,5.0,5.0,4.0,4.0,2.0,4.0,5.0,5.0,3.0,5.0,5.0,4.0,6.0,20.0,1.0,2,2,2,10,,,,,Greek,3,3,2,12.0,7.666666666666666,5.866666666666666,0.0,0.0
132,R_1gOBKni4idknFhl,2.0,6.0,7.0,6.0,7.0,2.0,6.0,6.0,7.0,2.0,6.0,6.0,6.0,6.0,6.0,1.0,1.0,1.0,2.0,1.0,3.0,2.0,2.0,1.0,3.0,1.0,1.0,2.0,2.0,2.0,1.0,4.0,5.0,4.0,5.0,4.0,4.0,4.0,3.0,2.0,4.0,2.0,4.0,5.0,3.0,4.0,5.0,20.0,2.0,4,4,4,10,,,,,Italian,4,4,4,12.0,9.0,6.4,2.0,0.0
133,R_bjcJH0qYxehC0cF,6.0,6.0,7.0,7.0,6.0,6.0,6.0,6.0,4.0,5.0,6.0,6.0,6.0,7.0,5.0,4.0,1.0,1.0,5.0,3.0,6.0,4.0,1.0,1.0,1.0,3.0,4.0,3.0,4.0,1.0,3.0,4.0,3.0,4.0,4.0,4.0,4.0,2.0,3.0,1.0,4.0,4.0,3.0,4.0,1.0,1.0,2.0,21.0,1.0,5,5,4,10,,,,,Italian,5,5,4,15.200000000000001,9.0,6.4,2.0,0.0
134,R_25EDoPixaApKDq2,7.0,7.0,7.0,7.0,7.0,6.0,6.0,3.0,6.0,2.0,5.0,6.0,7.0,7.0,7.0,1.0,2.0,1.0,6.0,1.0,7.0,7.0,2.0,1.0,1.0,3.0,1.0,1.0,6.0,1.0,1.0,5.0,7.0,5.0,6.0,5.0,2.0,3.0,3.0,2.0,2.0,5.0,3.0,5.0,5.0,3.0,5.0,28.0,2.0,4,5,4,9,America,2,1,1,Italian ,4,4,5,16.400000000000002,7.333333333333333,7.2,,0.0
135,R_3xAVGLxdFVa4dxv,7.0,6.0,7.0,7.0,6.0,6.0,5.0,6.0,7.0,5.0,6.0,5.0,6.0,6.0,6.0,1.0,1.0,1.0,1.0,1.0,1.0,2.0,1.0,1.0,1.0,2.0,1.0,1.0,2.0,2.0,2.0,3.0,3.0,1.0,2.0,2.0,2.0,2.0,1.0,1.0,2.0,2.0,3.0,2.0,2.0,1.0,1.0,54.0,2.0,5,5,4,9,Italy ,5,5,4,Australian,5,5,4,15.600000000000001,9.666666666666666,6.133333333333333,2.0,0.0
136,R_3RkkFwnCl0iCNtA,5.0,5.0,4.0,4.0,4.0,5.0,5.0,6.0,4.0,5.0,6.0,5.0,6.0,6.0,3.0,4.0,4.0,3.0,4.0,4.0,4.0,5.0,4.0,4.0,3.0,5.0,4.0,3.0,4.0,4.0,4.0,4.0,4.0,3.0,4.0,4.0,4.0,4.0,4.0,4.0,3.0,4.0,4.0,5.0,4.0,4.0,3.0,21.0,1.0,5,5,5,9,,5,5,5,no,4,4,3,10.8,8.666666666666666,5.333333333333333,2.0,1.0
137,R_1kNc4KRqOCtoNJN,5.0,5.0,2.0,3.0,5.0,2.0,7.0,6.0,6.0,7.0,7.0,7.0,7.0,7.0,7.0,1.0,1.0,1.0,2.0,1.0,3.0,3.0,2.0,1.0,1.0,1.0,4.0,1.0,4.0,1.0,1.0,3.0,1.0,1.0,3.0,1.0,3.0,2.0,3.0,1.0,4.0,4.0,2.0,2.0,3.0,3.0,4.0,33.0,2.0,5,5,5,9,Australia,2,1,2,Han,5,5,5,8.8,11.0,7.466666666666667,,1.0
138,R_ZIYQfJphMl3knYt,4.0,3.0,3.0,3.0,3.0,2.0,2.0,6.0,3.0,2.0,3.0,5.0,6.0,6.0,6.0,3.0,6.0,5.0,6.0,5.0,6.0,6.0,3.0,1.0,5.0,6.0,5.0,2.0,5.0,2.0,2.0,4.0,7.0,6.0,6.0,7.0,4.0,7.0,2.0,4.0,2.0,7.0,1.0,6.0,7.0,3.0,7.0,21.0,1.0,1,2,2,9,Australia,2,3,2,Chinese,2,3,2,7.2,5.333333333333333,6.133333333333333,,1.0
139,R_1FbVbIyqZDb6jQ8,6.0,7.0,7.0,4.0,7.0,5.0,6.0,6.0,5.0,5.0,6.0,3.0,4.0,5.0,5.0,6.0,5.0,2.0,5.0,4.0,6.0,6.0,5.0,5.0,3.0,6.0,6.0,6.0,6.0,7.0,4.0,5.0,6.0,5.0,5.0,6.0,6.0,6.0,5.0,4.0,6.0,6.0,4.0,6.0,5.0,6.0,5.0,22.0,1.0,4,4,4,10,,,,,Aisan,4,4,4,14.4,9.333333333333332,4.533333333333333,2.0,1.0
140,R_12sXx5IWa0JX2v3,6.0,2.0,4.0,3.0,3.0,2.0,3.0,6.0,6.0,6.0,6.0,6.0,6.0,6.0,6.0,2.0,2.0,2.0,2.0,2.0,2.0,3.0,2.0,2.0,2.0,2.0,4.0,2.0,2.0,2.0,2.0,6.0,5.0,3.0,4.0,6.0,5.0,6.0,3.0,3.0,3.0,6.0,3.0,5.0,2.0,5.0,6.0,21.0,2.0,5,5,5,10,,,,,Chinese,5,5,5,8.0,9.0,6.4,1.0,1.0
141,R_3Hhn5shhM8hruSJ,1.0,5.0,5.0,4.0,3.0,2.0,3.0,3.0,2.0,2.0,3.0,2.0,5.0,5.0,4.0,6.0,3.0,6.0,3.0,4.0,5.0,3.0,3.0,3.0,3.0,3.0,5.0,5.0,5.0,3.0,5.0,5.0,5.0,3.0,3.0,2.0,3.0,5.0,3.0,2.0,5.0,5.0,4.0,1.0,5.0,3.0,3.0,22.0,1.0,3,3,3,9,Australia,1,1,2,Chinese,2,2,2,8.0,4.333333333333333,4.266666666666667,,1.0
142,R_3gUvFnbOB3Qqom1,6.0,7.0,7.0,7.0,7.0,5.0,7.0,7.0,7.0,6.0,7.0,6.0,7.0,7.0,6.0,1.0,4.0,1.0,2.0,2.0,3.0,2.0,1.0,1.0,1.0,2.0,1.0,1.0,1.0,1.0,3.0,1.0,2.0,1.0,3.0,3.0,4.0,3.0,1.0,1.0,1.0,2.0,3.0,3.0,3.0,2.0,3.0,30.0,2.0,4,5,4,9,AUS ,4,4,4,,3,3,3,15.600000000000001,11.333333333333332,6.933333333333334,2.0,0.0
143,R_3Dbk0SSEh9EYnNI,4.0,6.0,7.0,6.0,5.0,6.0,4.0,5.0,4.0,5.0,6.0,5.0,6.0,6.0,2.0,1.0,1.0,1.0,2.0,1.0,6.0,4.0,2.0,2.0,1.0,3.0,3.0,2.0,2.0,1.0,2.0,4.0,4.0,2.0,4.0,4.0,4.0,4.0,2.0,4.0,4.0,4.0,4.0,3.0,3.0,3.0,4.0,20.0,2.0,5,4,4,10,,,,,Irish ,1,1,1,13.600000000000001,8.0,5.066666666666666,2.0,0.0
144,R_Qd0BWEOKd8jCnIJ,7.0,7.0,7.0,7.0,6.0,5.0,5.0,6.0,6.0,7.0,7.0,5.0,6.0,6.0,6.0,2.0,2.0,2.0,2.0,2.0,2.0,2.0,2.0,2.0,2.0,3.0,2.0,2.0,2.0,2.0,2.0,2.0,2.0,2.0,2.0,2.0,2.0,2.0,2.0,2.0,2.0,2.0,2.0,3.0,1.0,2.0,2.0,,2.0,4,4,5,9,Australia,3,4,4,Hong kong,4,5,5,15.600000000000001,10.333333333333332,6.133333333333333,2.0,1.0
145,R_9TTCIyZ7AY6xjjP,4.0,5.0,6.0,4.0,7.0,4.0,4.0,5.0,3.0,3.0,4.0,5.0,5.0,5.0,5.0,1.0,1.0,1.0,2.0,1.0,1.0,3.0,1.0,1.0,1.0,1.0,1.0,1.0,1.0,1.0,2.0,1.0,1.0,3.0,3.0,2.0,2.0,2.0,4.0,4.0,2.0,2.0,2.0,3.0,3.0,1.0,4.0,50.0,2.0,5,2,2,9,New Zealand ,4,2,1,Non,3,1,1,12.0,6.333333333333333,5.333333333333333,0.0,0.0
146,R_bE4BRhrSvnvkPTz,6.0,6.0,6.0,6.0,6.0,6.0,5.0,6.0,5.0,6.0,6.0,6.0,4.0,4.0,5.0,2.0,3.0,2.0,4.0,3.0,3.0,2.0,3.0,3.0,4.0,3.0,3.0,2.0,4.0,4.0,2.0,4.0,4.0,3.0,4.0,5.0,4.0,3.0,4.0,4.0,4.0,4.0,2.0,4.0,4.0,4.0,5.0,24.0,2.0,4,5,4,10,,,,,Caucasian ,4,5,4,14.4,9.333333333333332,5.066666666666666,2.0,0.0
147,R_1irFjsEscNnTcab,6.0,6.0,7.0,6.0,6.0,6.0,5.0,7.0,7.0,5.0,6.0,3.0,5.0,2.0,3.0,3.0,3.0,1.0,2.0,1.0,4.0,4.0,3.0,1.0,3.0,1.0,1.0,1.0,4.0,4.0,1.0,4.0,4.0,3.0,4.0,5.0,4.0,3.0,4.0,3.0,3.0,4.0,4.0,5.0,4.0,4.0,5.0,20.0,2.0,4,4,4,10,,,,,Italian ,4,5,5,14.8,10.0,3.466666666666667,2.0,0.0
148,R_ZFbSS7ZyTc3oslX,6.0,6.0,6.0,7.0,7.0,6.0,5.0,3.0,2.0,3.0,6.0,6.0,7.0,7.0,5.0,2.0,2.0,1.0,2.0,2.0,2.0,2.0,3.0,2.0,2.0,2.0,1.0,2.0,3.0,1.0,2.0,5.0,6.0,2.0,5.0,5.0,3.0,2.0,2.0,2.0,2.0,6.0,2.0,4.0,2.0,4.0,3.0,23.0,2.0,4,3,4,10,,,,,English/Irish ,2,2,4,15.200000000000001,6.333333333333333,6.666666666666667,0.0,0.0
149,R_Q51MpXEVacdOjqp,5.0,5.0,5.0,6.0,4.0,3.0,3.0,5.0,5.0,6.0,6.0,6.0,5.0,4.0,3.0,2.0,6.0,3.0,6.0,4.0,7.0,5.0,3.0,5.0,6.0,5.0,3.0,5.0,3.0,3.0,5.0,6.0,7.0,5.0,6.0,7.0,6.0,7.0,5.0,5.0,5.0,6.0,6.0,7.0,5.0,6.0,7.0,21.0,2.0,4,3,4,10,,,,,White (English/ Scottish) ,3,3,4,11.200000000000001,8.333333333333332,4.8,2.0,0.0
150,R_1qWAqn97ZY7RTSm,5.0,5.0,5.0,3.0,5.0,5.0,4.0,5.0,6.0,5.0,6.0,2.0,7.0,3.0,2.0,1.0,3.0,1.0,2.0,1.0,6.0,5.0,1.0,1.0,1.0,2.0,1.0,3.0,6.0,1.0,1.0,6.0,6.0,2.0,5.0,5.0,4.0,3.0,1.0,5.0,3.0,4.0,2.0,5.0,5.0,3.0,6.0,22.0,2.0,4,4,5,10,,,,,white,4,4,5,11.200000000000001,8.666666666666666,3.7333333333333334,2.0,0.0
151,R_2xRlymF2zY5b2bY,5.0,7.0,7.0,7.0,7.0,6.0,5.0,5.0,4.0,1.0,5.0,7.0,6.0,6.0,5.0,1.0,1.0,1.0,1.0,1.0,6.0,2.0,1.0,1.0,3.0,6.0,1.0,1.0,3.0,1.0,1.0,2.0,1.0,2.0,1.0,2.0,2.0,1.0,1.0,1.0,1.0,1.0,1.0,2.0,1.0,1.0,6.0,21.0,2.0,5,5,5,10,,,,,Greek ,5,4,2,15.600000000000001,6.666666666666666,6.4,0.0,0.0
152,R_29iCMG3wUBteYer,6.0,6.0,6.0,5.0,7.0,6.0,6.0,6.0,4.0,5.0,7.0,6.0,3.0,3.0,3.0,1.0,2.0,1.0,2.0,1.0,3.0,2.0,2.0,2.0,2.0,2.0,3.0,1.0,5.0,2.0,1.0,6.0,6.0,3.0,5.0,6.0,2.0,6.0,2.0,3.0,3.0,6.0,2.0,4.0,3.0,3.0,6.0,19.0,4.0,5,4,2,10,,,,,Italian,3,3,1,14.4,9.333333333333332,4.0,2.0,0.0
153,R_3lEmLD95PFVpK4z,6.0,6.0,6.0,6.0,4.0,3.0,6.0,5.0,5.0,6.0,7.0,5.0,6.0,5.0,4.0,5.0,3.0,1.0,1.0,3.0,3.0,5.0,2.0,3.0,4.0,4.0,2.0,4.0,5.0,1.0,3.0,4.0,5.0,5.0,4.0,6.0,4.0,4.0,1.0,3.0,3.0,6.0,4.0,5.0,2.0,3.0,6.0,21.0,1.0,5,4,4,9,Malaysia/Singapore,2,3,2,Chinese,4,4,3,12.4,9.666666666666666,5.333333333333333,2.0,2.0
154,R_1rD2iQmuDliVHMo,4.0,4.0,5.0,5.0,7.0,6.0,5.0,6.0,6.0,5.0,6.0,6.0,7.0,3.0,6.0,1.0,1.0,1.0,4.0,1.0,3.0,2.0,1.0,1.0,4.0,1.0,1.0,1.0,2.0,2.0,1.0,4.0,2.0,2.0,5.0,6.0,2.0,1.0,2.0,3.0,2.0,4.0,2.0,2.0,2.0,4.0,4.0,21.0,2.0,4,5,5,9,Melbourne briefly ,,,,,,,,12.4,9.333333333333332,5.866666666666666,2.0,2.0
155,R_1pytdDX9UENtJMy,5.0,5.0,5.0,2.0,2.0,2.0,5.0,6.0,3.0,2.0,6.0,5.0,5.0,3.0,5.0,2.0,2.0,2.0,2.0,2.0,5.0,2.0,2.0,2.0,2.0,2.0,2.0,2.0,2.0,2.0,2.0,5.0,6.0,2.0,2.0,5.0,6.0,2.0,2.0,2.0,2.0,2.0,2.0,6.0,2.0,2.0,6.0,23.0,2.0,4,4,2,10,,,,,Australian ,4,4,4,8.4,7.333333333333333,4.8,,0.0
156,R_2q97MQlN76AB5Pg,6.0,6.0,6.0,6.0,6.0,6.0,5.0,5.0,3.0,3.0,5.0,3.0,3.0,2.0,2.0,2.0,2.0,2.0,5.0,2.0,5.0,5.0,2.0,2.0,2.0,2.0,2.0,2.0,3.0,2.0,2.0,5.0,5.0,2.0,3.0,2.0,4.0,2.0,3.0,2.0,3.0,5.0,3.0,5.0,3.0,4.0,5.0,48.0,2.0,5,5,4,9,Brunei ,,,,,,,,14.4,7.0,2.6666666666666665,0.0,0.0
