,ResponseId,Dignity_1,Dignity_2,Dignity_3,Dignity_4,Dignity_5,Dignity_6,Face_1,Face_2,Face_3,Face_4,Face_5,Honour_1,Honour_2,Honour_3,Honour_4,SINS_1,SINS_2,SINS_3,SINS_4,SINS_5,SINS_6,SINS_7,SINS_8,SINS_9,SINS_10,SINS_11,SINS_12,SINS_13,SINS_14,SINS_15,SINS_16,SINS_17,SINS_18,SINS_19,SINS_20,SINS_21,SINS_22,SINS_23,SINS_24,SINS_25,SINS_26,SINS_27,SINS_28,SINS_29,SINS_30,SINS_31,SINS_32,Age,Gender,D6_1,D6_2,D6_3,D7,D7_9_TEXT,D8_1,D8_2,D8_3,D9,D10_1,D10_2,D10_3,Bio_Culture,Info_AVE,Emotion_AVE,Dignity,Face
0,R_1Qa1Sep4YyfVsk7,7.0,6.0,6.0,6.0,2.0,5.0,5.0,2.0,5.0,3.0,5.0,3.0,6.0,4.0,4.0,1.0,1.0,1.0,4.0,1.0,5.0,2.0,1.0,1.0,1.0,1.0,1.0,1.0,1.0,1.0,1.0,3.0,5.0,1.0,3.0,5.0,2.0,2.0,2.0,1.0,1.0,3.0,1.0,3.0,2.0,1.0,4.0,22.0,2.0,5,4,4,10,,,,,Italian,4,4,3,1.0,1.5,2.4375,5.333333333333333,4.0
1,R_3pi54AAbuhkIfxs,6.0,5.0,5.0,6.0,6.0,3.0,7.0,7.0,7.0,5.0,6.0,6.0,7.0,6.0,6.0,2.0,2.0,1.0,3.0,2.0,6.0,5.0,1.0,1.0,2.0,4.0,1.0,3.0,4.0,2.0,2.0,5.0,2.0,2.0,4.0,2.0,3.0,3.0,1.0,3.0,4.0,4.0,2.0,4.0,2.0,1.0,6.0,22.0,2.0,5,4,4,10,,,,,Dutch/Australian,4,4,3,1.0,2.5625,3.0,5.166666666666667,6.4
2,R_1mEDzu6CZGZui3j,6.0,4.0,7.0,6.0,7.0,7.0,5.0,7.0,6.0,6.0,7.0,5.0,7.0,5.0,2.0,5.0,3.0,1.0,3.0,3.0,4.0,6.0,6.0,3.0,5.0,4.0,4.0,4.0,4.0,4.0,6.0,5.0,5.0,4.0,6.0,4.0,4.0,5.0,5.0,4.0,6.0,6.0,5.0,5.0,5.0,4.0,5.0,21.0,2.0,5,5,5,10,,,,,Australian ,5,5,5,1.0,4.0625,4.875,6.166666666666667,6.2
3,R_2s0DOtaLQmRUnQZ,7.0,6.0,6.0,7.0,7.0,7.0,6.0,5.0,5.0,2.0,6.0,6.0,6.0,6.0,6.0,1.0,3.0,1.0,2.0,1.0,5.0,3.0,2.0,2.0,5.0,5.0,5.0,1.0,5.0,2.0,2.0,5.0,2.0,3.0,6.0,5.0,3.0,1.0,3.0,3.0,5.0,5.0,3.0,3.0,3.0,3.0,5.0,20.0,1.0,4,2,2,9,singapore,4,4,2,Australian ,4,2,1,2.0,2.8125,3.625,6.666666666666667,4.8
4,R_1gGFTvIB7JfQYe4,6.0,6.0,7.0,7.0,7.0,5.0,5.0,4.0,6.0,3.0,5.0,6.0,5.0,5.0,6.0,1.0,1.0,1.0,1.0,1.0,2.0,1.0,4.0,1.0,1.0,1.0,1.0,1.0,2.0,1.0,2.0,6.0,3.0,2.0,3.0,5.0,3.0,2.0,1.0,2.0,2.0,2.0,2.0,4.0,1.0,1.0,3.0,34.0,2.0,4,5,5,9,united kingdom ,3,2,5,Chinese,4,5,5,2.0,1.375,2.625,6.333333333333333,4.6
5,R_1l63QIUyubxQfjA,3.0,4.0,4.0,5.0,5.0,3.0,4.0,5.0,5.0,5.0,5.0,6.0,6.0,6.0,6.0,2.0,3.0,1.0,3.0,1.0,3.0,3.0,2.0,2.0,3.0,3.0,1.0,2.0,2.0,3.0,1.0,4.0,2.0,2.0,4.0,4.0,3.0,4.0,2.0,4.0,2.0,4.0,1.0,3.0,3.0,2.0,3.0,26.0,2.0,5,3,4,9,australia ,3,3,4,Middle eastern ,5,4,4,1.0,2.1875,2.9375,4.0,4.8
6,R_2znGLNFVs1F92gz,5.0,6.0,6.0,7.0,7.0,6.0,4.0,5.0,3.0,4.0,4.0,5.0,6.0,5.0,4.0,3.0,3.0,2.0,5.0,3.0,6.0,5.0,3.0,5.0,5.0,4.0,3.0,3.0,6.0,4.0,3.0,6.0,5.0,5.0,6.0,4.0,5.0,4.0,4.0,5.0,6.0,6.0,4.0,6.0,5.0,4.0,6.0,22.0,2.0,5,5,4,10,,,,,Australian,5,5,4,1.0,3.9375,5.0625,6.166666666666667,4.0
7,R_1dh4yM2Lpkd4rRC,5.0,5.0,5.0,5.0,5.0,5.0,5.0,5.0,6.0,6.0,6.0,6.0,5.0,6.0,7.0,1.0,2.0,1.0,3.0,2.0,2.0,3.0,2.0,2.0,2.0,3.0,2.0,2.0,3.0,2.0,2.0,3.0,5.0,3.0,2.0,2.0,3.0,2.0,2.0,2.0,3.0,2.0,3.0,2.0,2.0,2.0,3.0,21.0,2.0,4,4,4,10,,,,,Aussie ,4,4,4,1.0,2.125,2.5625,5.0,5.6
8,R_2c0jsYZPXvs61vs,6.0,5.0,6.0,5.0,5.0,4.0,6.0,5.0,5.0,4.0,5.0,5.0,4.0,5.0,5.0,2.0,1.0,1.0,3.0,1.0,3.0,4.0,1.0,1.0,3.0,3.0,2.0,2.0,2.0,2.0,1.0,4.0,3.0,1.0,4.0,2.0,4.0,1.0,2.0,2.0,2.0,3.0,2.0,4.0,3.0,3.0,3.0,21.0,2.0,4,3,4,10,,,,,Irish ,2,1,1,1.0,2.0,2.6875,5.166666666666667,5.0
9,R_1I5TwSJLQOP3B29,6.0,6.0,6.0,6.0,5.0,5.0,5.0,3.0,5.0,3.0,5.0,5.0,6.0,5.0,5.0,2.0,2.0,1.0,5.0,3.0,6.0,5.0,2.0,2.0,3.0,2.0,2.0,2.0,5.0,3.0,3.0,5.0,5.0,3.0,5.0,5.0,3.0,5.0,3.0,3.0,5.0,5.0,3.0,5.0,5.0,3.0,5.0,22.0,2.0,4,5,4,10,,,,,Too broad to specify one - European ,1,1,1,1.0,3.0,4.25,5.666666666666667,4.2
10,R_23TvkEceS0LYXxw,5.0,6.0,5.0,5.0,5.0,3.0,6.0,5.0,6.0,3.0,4.0,3.0,5.0,3.0,3.0,2.0,1.0,1.0,4.0,1.0,6.0,5.0,2.0,1.0,2.0,3.0,2.0,1.0,3.0,1.0,1.0,4.0,5.0,3.0,4.0,4.0,4.0,3.0,4.0,3.0,3.0,5.0,3.0,3.0,3.0,4.0,5.0,21.0,2.0,3,2,2,10,,,,,Italian and Maltese ,4,4,4,1.0,2.25,3.75,4.833333333333333,4.8
11,R_3pfHAmRbHNDlOJc,5.0,5.0,5.0,5.0,3.0,3.0,3.0,5.0,3.0,2.0,6.0,5.0,6.0,5.0,3.0,5.0,2.0,4.0,4.0,4.0,5.0,5.0,4.0,4.0,5.0,4.0,4.0,3.0,5.0,4.0,2.0,5.0,5.0,5.0,5.0,3.0,5.0,4.0,3.0,3.0,5.0,5.0,3.0,5.0,4.0,5.0,3.0,22.0,2.0,4,4,4,9,australia,3,3,4,None,,,,2.0,4.0,4.25,4.333333333333333,3.8
12,R_3QRdjJ0PNkMnCD8,5.0,5.0,6.0,4.0,6.0,4.0,3.0,6.0,4.0,4.0,6.0,5.0,6.0,5.0,5.0,2.0,3.0,3.0,5.0,2.0,4.0,5.0,4.0,3.0,3.0,5.0,5.0,1.0,4.0,4.0,3.0,6.0,5.0,5.0,5.0,5.0,5.0,3.0,3.0,3.0,3.0,5.0,4.0,5.0,4.0,5.0,4.0,20.0,2.0,4,4,4,9,melbourne,4,3,5,Asian,4,4,4,2.0,3.5,4.375,5.0,4.6
13,R_1mjRLWwT8FK0SGk,3.0,2.0,7.0,3.0,7.0,2.0,6.0,7.0,6.0,7.0,6.0,7.0,4.0,2.0,3.0,7.0,5.0,2.0,6.0,3.0,7.0,3.0,3.0,4.0,5.0,3.0,6.0,2.0,6.0,3.0,2.0,6.0,6.0,6.0,6.0,6.0,6.0,2.0,4.0,6.0,6.0,6.0,2.0,6.0,6.0,2.0,6.0,20.0,2.0,4,2,2,9,au,4,4,4,,,,,2.0,4.1875,5.125,4.0,6.4
14,R_3hmchTvtsSCGekS,6.0,6.0,6.0,6.0,7.0,6.0,5.0,6.0,7.0,2.0,6.0,6.0,6.0,6.0,6.0,1.0,2.0,6.0,1.0,1.0,6.0,3.0,1.0,2.0,2.0,1.0,3.0,2.0,5.0,4.0,3.0,5.0,3.0,5.0,5.0,6.0,4.0,2.0,3.0,1.0,4.0,7.0,3.0,6.0,4.0,3.0,7.0,,2.0,5,5,5,10,,,,,,4,5,4,2.0,2.6875,4.25,6.166666666666667,5.2
15,R_1ez7LM5QVzdOsCF,7.0,6.0,7.0,7.0,7.0,7.0,5.0,6.0,6.0,7.0,5.0,6.0,6.0,5.0,7.0,2.0,1.0,3.0,4.0,1.0,7.0,4.0,5.0,4.0,2.0,2.0,1.0,2.0,7.0,1.0,1.0,5.0,4.0,4.0,5.0,5.0,3.0,4.0,4.0,6.0,4.0,5.0,5.0,6.0,4.0,6.0,7.0,21.0,1.0,5,5,4,10,,,,,European,4,4,4,1.0,2.9375,4.8125,6.833333333333333,5.8
16,R_1oG7nS9YUkW5Rjj,4.0,4.0,5.0,5.0,6.0,4.0,5.0,5.0,5.0,5.0,5.0,6.0,6.0,6.0,6.0,2.0,3.0,2.0,4.0,4.0,5.0,4.0,2.0,3.0,5.0,4.0,4.0,4.0,4.0,3.0,4.0,4.0,4.0,4.0,4.0,3.0,4.0,4.0,4.0,4.0,4.0,4.0,3.0,3.0,4.0,3.0,5.0,25.0,2.0,2,3,3,9,australia,2,3,3,Chinese,2,3,3,2.0,3.5625,3.8125,4.666666666666667,5.0
17,R_2zUCvLn6OObBWqi,5.0,4.0,4.0,4.0,6.0,3.0,5.0,5.0,6.0,3.0,6.0,6.0,6.0,5.0,6.0,2.0,2.0,2.0,6.0,4.0,5.0,5.0,2.0,1.0,2.0,2.0,1.0,2.0,4.0,2.0,3.0,7.0,4.0,2.0,5.0,5.0,5.0,5.0,4.0,5.0,5.0,5.0,4.0,6.0,5.0,5.0,6.0,19.0,2.0,4,3,4,10,,,,,Chinese,4,4,4,2.0,2.8125,4.875,4.333333333333333,5.0
18,R_C8M7m3J7etFaLFD,5.0,3.0,5.0,5.0,6.0,3.0,7.0,6.0,6.0,4.0,6.0,6.0,6.0,3.0,6.0,3.0,1.0,2.0,1.0,5.0,4.0,5.0,2.0,1.0,1.0,3.0,2.0,3.0,5.0,1.0,5.0,5.0,6.0,5.0,5.0,6.0,5.0,6.0,2.0,5.0,5.0,5.0,4.0,5.0,5.0,4.0,6.0,21.0,1.0,4,4,4,9,australia,4,4,4,Chinese,4,4,4,2.0,2.75,4.9375,4.5,5.8
19,R_277t9ll9gjE7bx0,6.0,5.0,6.0,6.0,6.0,6.0,6.0,6.0,6.0,5.0,6.0,1.0,7.0,7.0,1.0,2.0,3.0,2.0,4.0,2.0,4.0,2.0,3.0,3.0,2.0,3.0,3.0,2.0,3.0,3.0,3.0,3.0,2.0,2.0,3.0,3.0,3.0,3.0,2.0,2.0,2.0,2.0,3.0,2.0,3.0,2.0,4.0,20.0,1.0,5,5,5,9,"yes, australia",4,4,4,Chinese ,5,5,5,2.0,2.75,2.5625,5.833333333333333,5.8
20,R_1IYNAr82tXuQAyO,7.0,3.0,6.0,5.0,7.0,3.0,2.0,3.0,3.0,1.0,5.0,6.0,5.0,2.0,2.0,1.0,1.0,1.0,1.0,1.0,6.0,3.0,1.0,1.0,1.0,1.0,1.0,1.0,1.0,1.0,1.0,3.0,1.0,1.0,2.0,3.0,1.0,3.0,1.0,2.0,1.0,1.0,1.0,2.0,2.0,1.0,6.0,26.0,1.0,4,2,4,9,"usa, spain, china.",4,2,4,caucasian european ,4,2,4,2.0,1.4375,1.9375,5.166666666666667,2.8
21,R_1Q3HWWcQEB6iD5J,6.0,5.0,5.0,5.0,5.0,5.0,5.0,4.0,3.0,5.0,5.0,4.0,4.0,4.0,5.0,4.0,4.0,2.0,3.0,4.0,6.0,4.0,3.0,3.0,2.0,3.0,3.0,5.0,5.0,2.0,4.0,4.0,4.0,3.0,4.0,3.0,4.0,3.0,3.0,4.0,4.0,4.0,3.0,5.0,4.0,5.0,5.0,32.0,2.0,3,3,3,9,yes ,3,4,,Estonian,4,4,4,1.0,3.5625,3.875,5.166666666666667,4.4
22,R_pg7RVg17TMXjpYJ,7.0,6.0,7.0,6.0,6.0,5.0,3.0,5.0,2.0,2.0,4.0,6.0,6.0,6.0,5.0,1.0,1.0,1.0,2.0,4.0,6.0,6.0,1.0,2.0,3.0,1.0,2.0,2.0,3.0,2.0,2.0,5.0,3.0,1.0,5.0,6.0,4.0,2.0,2.0,2.0,3.0,5.0,2.0,6.0,2.0,4.0,3.0,24.0,2.0,5,5,5,9,australia ,5,5,5,French,5,5,4,1.0,2.4375,3.4375,6.166666666666667,3.2
23,R_2vYxdtjexefUJKX,6.0,5.0,5.0,6.0,6.0,3.0,6.0,5.0,5.0,4.0,3.0,5.0,6.0,6.0,6.0,2.0,2.0,2.0,2.0,2.0,5.0,4.0,1.0,1.0,4.0,5.0,3.0,1.0,2.0,2.0,2.0,4.0,2.0,2.0,5.0,3.0,4.0,2.0,2.0,2.0,2.0,5.0,2.0,3.0,4.0,1.0,2.0,52.0,2.0,2,2,3,9,"fiji, hong kong",4,3,3,Caucasian,4,4,4,2.0,2.5,2.8125,5.166666666666667,4.6
24,R_3lGonWIT4mIOB8m,5.0,7.0,7.0,6.0,5.0,5.0,7.0,4.0,3.0,4.0,5.0,6.0,4.0,6.0,4.0,2.0,2.0,1.0,2.0,2.0,6.0,5.0,1.0,2.0,2.0,3.0,1.0,1.0,4.0,1.0,1.0,4.0,4.0,4.0,6.0,4.0,5.0,3.0,5.0,2.0,5.0,6.0,4.0,4.0,4.0,3.0,6.0,20.0,2.0,3,5,4,10,,,,,,4,4,3,1.0,2.25,4.3125,5.833333333333333,4.6
25,R_2dmu0L6m9JIxrn2,7.0,7.0,6.0,6.0,3.0,6.0,5.0,6.0,6.0,4.0,6.0,3.0,6.0,2.0,6.0,1.0,3.0,2.0,5.0,1.0,6.0,5.0,1.0,2.0,1.0,3.0,1.0,3.0,2.0,4.0,1.0,5.0,5.0,3.0,4.0,5.0,3.0,5.0,2.0,2.0,3.0,6.0,4.0,5.0,4.0,2.0,6.0,19.0,2.0,4,4,5,10,,,,,Vietnamese,2,3,2,2.0,2.5625,4.0,5.833333333333333,5.4
26,R_2UXSIAgFNlWMtGl,4.0,6.0,6.0,6.0,6.0,4.0,5.0,6.0,6.0,6.0,6.0,3.0,6.0,5.0,4.0,1.0,2.0,2.0,2.0,1.0,2.0,2.0,2.0,1.0,2.0,2.0,2.0,2.0,2.0,2.0,2.0,2.0,2.0,1.0,2.0,2.0,2.0,2.0,1.0,1.0,2.0,2.0,2.0,3.0,2.0,1.0,3.0,24.0,2.0,4,3,3,9,malaysia,4,3,3,Malaysian Chinese,4,3,3,2.0,1.8125,1.875,5.333333333333333,5.8
27,R_UoVcwpHbLMDRwEV,6.0,6.0,6.0,6.0,5.0,5.0,6.0,4.0,5.0,5.0,5.0,5.0,6.0,5.0,6.0,5.0,3.0,3.0,5.0,3.0,4.0,5.0,5.0,3.0,4.0,4.0,3.0,3.0,5.0,5.0,5.0,5.0,4.0,3.0,4.0,5.0,4.0,3.0,3.0,3.0,2.0,5.0,3.0,5.0,4.0,3.0,5.0,19.0,2.0,4,4,4,9,australia,3,4,4,chinese ,3,4,4,2.0,4.0625,3.8125,5.666666666666667,5.0
28,R_22EQ9U94uLfNF8U,5.0,4.0,5.0,4.0,4.0,4.0,6.0,5.0,5.0,4.0,5.0,5.0,5.0,5.0,5.0,3.0,5.0,1.0,4.0,4.0,7.0,3.0,2.0,1.0,4.0,2.0,4.0,2.0,2.0,2.0,2.0,6.0,5.0,3.0,5.0,4.0,4.0,5.0,2.0,4.0,2.0,6.0,3.0,5.0,5.0,4.0,6.0,19.0,2.0,4,4,2,9,australia,5,5,4,Chinese-Indonesian,4,4,2,2.0,3.0,4.3125,4.333333333333333,5.0
29,R_3lubZVQ7jfs49z4,4.0,4.0,5.0,4.0,3.0,4.0,3.0,6.0,6.0,4.0,5.0,5.0,6.0,6.0,6.0,3.0,4.0,3.0,3.0,3.0,5.0,4.0,4.0,3.0,3.0,4.0,3.0,2.0,5.0,3.0,3.0,5.0,5.0,4.0,4.0,5.0,4.0,5.0,4.0,4.0,4.0,5.0,3.0,5.0,4.0,4.0,3.0,24.0,2.0,4,4,4,9,melbourne ,3,4,3,Chinese ,4,4,4,2.0,3.4375,4.25,4.0,4.8
30,R_3plGJt9hs2kN1HQ,2.0,2.0,3.0,5.0,3.0,2.0,3.0,6.0,6.0,6.0,7.0,7.0,7.0,7.0,7.0,2.0,2.0,1.0,3.0,2.0,6.0,6.0,1.0,1.0,3.0,2.0,4.0,2.0,3.0,2.0,2.0,6.0,6.0,5.0,6.0,7.0,6.0,6.0,2.0,6.0,2.0,6.0,2.0,6.0,2.0,3.0,6.0,20.0,2.0,5,4,2,9,australia ,5,4,5,Chinese,4,4,2,2.0,2.625,4.8125,2.8333333333333335,5.6
31,R_1ISHSqbkODj2rIp,7.0,6.0,6.0,6.0,6.0,3.0,5.0,6.0,6.0,3.0,6.0,5.0,5.0,3.0,3.0,1.0,1.0,1.0,2.0,1.0,3.0,3.0,1.0,1.0,2.0,1.0,3.0,1.0,1.0,2.0,2.0,4.0,2.0,2.0,4.0,3.0,4.0,1.0,1.0,2.0,3.0,2.0,2.0,3.0,3.0,4.0,4.0,21.0,2.0,3,4,4,10,,,,,Italian,4,4,4,1.0,1.625,2.75,5.666666666666667,5.2
32,R_2RVzJtSIE8iqrD1,6.0,6.0,6.0,5.0,5.0,5.0,6.0,6.0,7.0,6.0,6.0,6.0,6.0,6.0,7.0,3.0,3.0,2.0,4.0,3.0,4.0,4.0,2.0,3.0,2.0,2.0,2.0,2.0,2.0,2.0,2.0,6.0,3.0,2.0,4.0,3.0,4.0,2.0,2.0,3.0,2.0,5.0,2.0,3.0,2.0,3.0,2.0,20.0,1.0,2,2,5,10,,,,,Caucasian,4,3,5,1.0,2.625,3.0,5.5,6.2
33,R_3ivTvRfPMnu7wtT,6.0,5.0,5.0,6.0,6.0,3.0,4.0,6.0,5.0,5.0,5.0,7.0,6.0,6.0,5.0,6.0,6.0,2.0,6.0,5.0,5.0,6.0,6.0,5.0,6.0,5.0,6.0,6.0,6.0,5.0,6.0,6.0,7.0,5.0,6.0,6.0,5.0,7.0,4.0,5.0,5.0,6.0,6.0,6.0,5.0,5.0,6.0,20.0,2.0,5,4,5,9,ireland,4,4,2,White,4,4,5,1.0,5.4375,5.625,5.166666666666667,5.0
34,R_1kHMXv5iZnxY09T,5.0,3.0,6.0,5.0,6.0,3.0,1.0,3.0,4.0,6.0,5.0,2.0,5.0,5.0,4.0,1.0,2.0,2.0,2.0,2.0,5.0,4.0,1.0,1.0,2.0,1.0,4.0,1.0,1.0,2.0,3.0,5.0,4.0,2.0,3.0,3.0,4.0,3.0,3.0,4.0,4.0,4.0,3.0,1.0,1.0,4.0,2.0,32.0,2.0,5,4,5,9,"california, usa",5,2,2,White,3,3,3,1.0,2.125,3.125,4.666666666666667,3.8
35,R_25yB3fACm2oguru,5.0,6.0,6.0,7.0,7.0,3.0,6.0,5.0,5.0,3.0,7.0,5.0,5.0,5.0,5.0,1.0,1.0,2.0,2.0,1.0,7.0,5.0,1.0,1.0,1.0,2.0,2.0,1.0,5.0,2.0,2.0,6.0,5.0,3.0,7.0,5.0,5.0,5.0,5.0,3.0,5.0,7.0,6.0,6.0,6.0,3.0,5.0,21.0,1.0,5,5,4,10,,,,,Chinese,4,4,4,2.0,2.25,5.125,5.666666666666667,5.2
36,R_2s5BrRKZb8ii8mB,5.0,4.0,4.0,4.0,4.0,3.0,4.0,5.0,5.0,5.0,6.0,5.0,4.0,4.0,5.0,3.0,5.0,1.0,4.0,3.0,4.0,4.0,2.0,4.0,2.0,3.0,4.0,3.0,4.0,2.0,3.0,5.0,5.0,4.0,5.0,6.0,5.0,5.0,4.0,4.0,4.0,4.0,4.0,5.0,4.0,4.0,6.0,20.0,2.0,4,3,4,9,australia,2,3,3,Chinese,4,4,4,2.0,3.1875,4.625,4.0,5.0
37,R_1OwqOkOwhwryLrh,5.0,4.0,3.0,5.0,5.0,3.0,5.0,6.0,3.0,3.0,5.0,6.0,7.0,5.0,6.0,1.0,5.0,1.0,5.0,5.0,7.0,7.0,2.0,5.0,3.0,4.0,2.0,5.0,7.0,2.0,3.0,5.0,5.0,1.0,5.0,5.0,7.0,5.0,2.0,2.0,4.0,7.0,1.0,6.0,6.0,6.0,5.0,20.0,1.0,4,5,5,10,,,,,Chinese,3,1,1,2.0,4.0,4.5,4.166666666666667,4.4
38,R_diMVmT5flwvZ3Yl,7.0,6.0,7.0,6.0,5.0,6.0,5.0,5.0,6.0,3.0,5.0,2.0,5.0,5.0,2.0,4.0,5.0,1.0,5.0,1.0,7.0,5.0,3.0,3.0,5.0,3.0,2.0,2.0,5.0,5.0,2.0,5.0,6.0,3.0,6.0,5.0,2.0,5.0,6.0,3.0,5.0,6.0,5.0,5.0,6.0,3.0,3.0,18.0,2.0,4,4,3,10,,,,,Caucasian and Greek,4,4,3,1.0,3.625,4.625,6.166666666666667,4.8
39,R_1FawQI7pAAsSw7L,6.0,5.0,7.0,6.0,7.0,6.0,6.0,7.0,6.0,2.0,6.0,7.0,5.0,6.0,6.0,5.0,5.0,2.0,5.0,5.0,7.0,5.0,3.0,3.0,2.0,6.0,2.0,5.0,7.0,5.0,6.0,6.0,7.0,6.0,5.0,6.0,5.0,6.0,5.0,5.0,5.0,5.0,5.0,5.0,6.0,6.0,4.0,21.0,1.0,5,5,5,10,,,,,Chinese,4,5,5,2.0,4.5625,5.4375,6.166666666666667,5.4
40,R_2zceLWtJS0TgP1s,5.0,6.0,6.0,6.0,6.0,4.0,6.0,5.0,5.0,5.0,5.0,4.0,4.0,4.0,5.0,2.0,2.0,1.0,2.0,1.0,2.0,3.0,2.0,1.0,2.0,2.0,1.0,1.0,3.0,2.0,1.0,3.0,3.0,2.0,3.0,3.0,3.0,2.0,2.0,3.0,2.0,3.0,2.0,3.0,3.0,2.0,5.0,22.0,2.0,4,4,4,10,,,,,"English, Scottish, Welsh, Norwegian ",4,3,4,1.0,1.75,2.75,5.5,5.2
41,R_2Pw0cVrgz2kxIMe,6.0,6.0,7.0,7.0,6.0,5.0,6.0,6.0,6.0,6.0,6.0,5.0,6.0,6.0,5.0,2.0,3.0,3.0,2.0,2.0,5.0,5.0,2.0,1.0,2.0,6.0,5.0,2.0,2.0,2.0,2.0,6.0,2.0,2.0,6.0,3.0,6.0,2.0,3.0,4.0,5.0,5.0,4.0,5.0,6.0,3.0,6.0,20.0,2.0,5,5,5,10,,,,,Vietnamese,1,2,1,1.0,2.875,4.25,6.166666666666667,6.0
42,R_AnVMh86B7Zr6jRL,6.0,5.0,6.0,6.0,5.0,5.0,3.0,5.0,5.0,2.0,6.0,5.0,6.0,5.0,5.0,1.0,1.0,1.0,3.0,1.0,5.0,1.0,1.0,1.0,1.0,2.0,1.0,1.0,2.0,1.0,1.0,5.0,2.0,1.0,2.0,3.0,1.0,1.0,1.0,1.0,2.0,2.0,2.0,3.0,1.0,1.0,5.0,22.0,2.0,5,5,4,10,,,,,Australian,4,4,4,1.0,1.5,2.0625,5.5,4.2
43,R_1DnDBWi0Sg5FAIA,5.0,7.0,6.0,6.0,5.0,5.0,6.0,6.0,6.0,4.0,6.0,6.0,5.0,6.0,5.0,1.0,3.0,1.0,4.0,2.0,5.0,4.0,2.0,2.0,4.0,3.0,2.0,2.0,4.0,2.0,1.0,5.0,4.0,2.0,5.0,4.0,2.0,3.0,5.0,2.0,3.0,4.0,3.0,4.0,3.0,2.0,4.0,21.0,1.0,4,3,3,10,,,,,Australian,4,3,3,1.0,2.625,3.4375,5.666666666666667,5.6
44,R_2tbu8fwixrMNeQM,3.0,6.0,7.0,6.0,6.0,5.0,6.0,6.0,7.0,5.0,6.0,6.0,6.0,5.0,5.0,1.0,2.0,1.0,3.0,1.0,6.0,3.0,1.0,1.0,1.0,1.0,1.0,2.0,5.0,1.0,1.0,3.0,6.0,1.0,4.0,5.0,3.0,5.0,2.0,3.0,1.0,4.0,2.0,3.0,3.0,2.0,7.0,20.0,2.0,2,4,4,10,,,,,Anglo-saxon ,4,4,5,1.0,1.9375,3.375,5.5,6.0
45,R_1OxUQXNo1zEWw6D,5.0,7.0,6.0,5.0,5.0,5.0,5.0,5.0,5.0,6.0,6.0,6.0,7.0,7.0,7.0,2.0,5.0,4.0,2.0,2.0,5.0,6.0,5.0,5.0,6.0,2.0,1.0,2.0,6.0,2.0,4.0,3.0,2.0,2.0,2.0,3.0,5.0,4.0,6.0,2.0,6.0,3.0,2.0,3.0,5.0,5.0,5.0,22.0,2.0,4,4,2,9,yes,4,,,Chinese,5,5,4,2.0,3.6875,3.625,5.5,5.4
46,R_2AMY1tE3FBsLZcs,6.0,6.0,7.0,6.0,7.0,6.0,4.0,6.0,6.0,6.0,6.0,2.0,6.0,5.0,5.0,4.0,2.0,1.0,2.0,2.0,5.0,4.0,3.0,5.0,4.0,2.0,5.0,2.0,6.0,4.0,3.0,4.0,4.0,4.0,4.0,6.0,4.0,4.0,2.0,4.0,5.0,4.0,4.0,4.0,4.0,4.0,6.0,18.0,2.0,3,4,2,10,,,,,Australian ,3,4,2,1.0,3.375,4.1875,6.333333333333333,5.6
47,R_1je8tQ8Dw7tnNcK,7.0,5.0,7.0,7.0,4.0,5.0,6.0,4.0,7.0,5.0,6.0,6.0,2.0,6.0,6.0,4.0,1.0,1.0,1.0,2.0,4.0,6.0,2.0,1.0,2.0,4.0,2.0,2.0,4.0,3.0,1.0,5.0,4.0,4.0,4.0,7.0,5.0,5.0,5.0,2.0,2.0,6.0,2.0,4.0,5.0,2.0,6.0,21.0,1.0,2,3,4,10,,,,,Australian / Scottish,2,3,4,1.0,2.5,4.25,5.833333333333333,5.6
48,R_1LkBHMIIHI6SjNt,6.0,7.0,6.0,7.0,5.0,5.0,5.0,6.0,5.0,5.0,5.0,5.0,4.0,4.0,5.0,3.0,3.0,1.0,5.0,3.0,6.0,4.0,2.0,2.0,4.0,4.0,3.0,3.0,4.0,2.0,2.0,6.0,6.0,3.0,4.0,6.0,4.0,6.0,4.0,4.0,4.0,6.0,4.0,5.0,5.0,4.0,6.0,21.0,2.0,4,4,4,10,,,,,Australian,,4,4,1.0,3.1875,4.8125,6.0,5.2
49,R_2c8gHShKYGvj5yh,6.0,6.0,6.0,6.0,6.0,5.0,5.0,6.0,5.0,3.0,5.0,6.0,6.0,6.0,6.0,2.0,3.0,3.0,2.0,1.0,5.0,5.0,2.0,2.0,3.0,4.0,2.0,5.0,5.0,3.0,3.0,6.0,5.0,4.0,6.0,5.0,4.0,5.0,4.0,3.0,3.0,6.0,4.0,5.0,4.0,5.0,5.0,20.0,2.0,5,3,5,10,,,,,Australian,5,3,4,1.0,3.125,4.625,5.833333333333333,4.8
50,R_ezIi2UMV4MwoodH,5.0,2.0,3.0,7.0,5.0,5.0,5.0,3.0,3.0,3.0,3.0,6.0,4.0,5.0,5.0,2.0,2.0,1.0,1.0,1.0,1.0,2.0,1.0,2.0,1.0,1.0,2.0,2.0,4.0,2.0,1.0,3.0,2.0,2.0,3.0,1.0,4.0,3.0,1.0,2.0,2.0,2.0,3.0,2.0,3.0,4.0,3.0,20.0,2.0,2,1,2,,,2,2,2,Australia ,2,1,2,1.0,1.625,2.5,4.5,3.4
51,R_1fkiouJj53FeMj2,5.0,5.0,6.0,6.0,6.0,5.0,3.0,6.0,2.0,2.0,4.0,6.0,6.0,5.0,6.0,2.0,3.0,1.0,5.0,5.0,7.0,7.0,2.0,2.0,3.0,2.0,3.0,2.0,6.0,2.0,4.0,7.0,7.0,6.0,6.0,6.0,6.0,6.0,3.0,7.0,5.0,6.0,5.0,6.0,5.0,6.0,7.0,21.0,1.0,4,4,4,10,,,,,Australian,,4,4,1.0,3.5,5.875,5.5,3.4
52,R_1E0R92gOiu6bxzL,7.0,5.0,7.0,7.0,6.0,6.0,4.0,6.0,5.0,6.0,6.0,5.0,6.0,5.0,5.0,3.0,3.0,1.0,5.0,5.0,6.0,6.0,2.0,1.0,5.0,5.0,6.0,3.0,6.0,2.0,1.0,6.0,5.0,3.0,6.0,6.0,5.0,5.0,5.0,6.0,6.0,5.0,5.0,6.0,6.0,5.0,6.0,20.0,2.0,5,4,3,9,england,2,4,3,Australian,5,5,3,1.0,3.75,5.375,6.333333333333333,5.4
53,R_3fejI4x8EnnvFJd,6.0,6.0,6.0,6.0,6.0,5.0,5.0,6.0,5.0,4.0,5.0,5.0,5.0,5.0,5.0,1.0,2.0,2.0,3.0,2.0,5.0,3.0,2.0,2.0,2.0,2.0,3.0,2.0,4.0,2.0,2.0,3.0,3.0,3.0,5.0,3.0,4.0,3.0,3.0,3.0,3.0,3.0,3.0,3.0,2.0,2.0,3.0,45.0,2.0,5,4,4,9,japan ,4,4,4,Australia ,4,4,4,2.0,2.4375,3.0625,5.833333333333333,5.0
54,R_4N2CRYB6YDYkOCR,5.0,3.0,5.0,5.0,6.0,3.0,5.0,7.0,7.0,7.0,7.0,6.0,6.0,5.0,6.0,1.0,4.0,2.0,1.0,2.0,3.0,4.0,1.0,1.0,3.0,3.0,2.0,2.0,2.0,1.0,4.0,4.0,5.0,2.0,3.0,5.0,3.0,4.0,2.0,3.0,4.0,2.0,2.0,4.0,4.0,3.0,4.0,21.0,1.0,1,1,2,9,australia ,5,5,5,Australian,5,5,5,2.0,2.25,3.375,4.5,6.6
55,R_2wbt3SkvocGNkTG,5.0,6.0,6.0,6.0,6.0,5.0,5.0,6.0,5.0,3.0,6.0,6.0,3.0,5.0,3.0,2.0,2.0,1.0,3.0,1.0,6.0,6.0,2.0,2.0,3.0,2.0,1.0,1.0,5.0,2.0,1.0,6.0,6.0,2.0,6.0,6.0,6.0,3.0,3.0,5.0,5.0,6.0,3.0,5.0,5.0,5.0,6.0,22.0,2.0,4,4,5,10,,,,,Caucasian ,5,5,5,1.0,2.5,4.875,5.666666666666667,5.0
56,R_1pysTtsXIO7vfRz,6.0,6.0,6.0,5.0,6.0,6.0,5.0,5.0,5.0,5.0,6.0,5.0,5.0,5.0,5.0,3.0,2.0,4.0,4.0,3.0,4.0,3.0,2.0,2.0,2.0,3.0,3.0,2.0,2.0,3.0,3.0,5.0,5.0,4.0,5.0,6.0,4.0,5.0,3.0,3.0,2.0,6.0,2.0,5.0,2.0,4.0,3.0,22.0,1.0,4,4,4,10,,,,,White,4,4,3,1.0,2.8125,4.0,5.833333333333333,5.2
57,R_11ZzticlJsifMqG,5.0,5.0,5.0,5.0,5.0,5.0,5.0,5.0,5.0,5.0,6.0,5.0,6.0,5.0,5.0,1.0,2.0,1.0,2.0,1.0,3.0,2.0,2.0,1.0,2.0,2.0,2.0,1.0,3.0,2.0,2.0,3.0,2.0,2.0,2.0,3.0,3.0,2.0,1.0,2.0,2.0,2.0,2.0,3.0,2.0,3.0,3.0,20.0,2.0,5,1,2,10,,,,,White,4,3,3,1.0,1.8125,2.3125,5.0,5.2
58,R_1JDs167OggPl2xt,6.0,7.0,5.0,4.0,4.0,6.0,3.0,3.0,5.0,3.0,6.0,7.0,7.0,7.0,7.0,5.0,4.0,4.0,5.0,3.0,7.0,6.0,2.0,2.0,3.0,3.0,6.0,6.0,7.0,3.0,5.0,5.0,5.0,3.0,6.0,6.0,5.0,6.0,5.0,6.0,6.0,5.0,6.0,6.0,3.0,5.0,7.0,21.0,1.0,5,2,1,9,spain,4,2,4,Italian,5,5,5,1.0,4.4375,5.3125,5.333333333333333,4.0
59,R_24FZDHQHWs5EQFa,5.0,5.0,6.0,5.0,6.0,6.0,2.0,5.0,4.0,2.0,5.0,5.0,6.0,5.0,3.0,1.0,1.0,1.0,1.0,1.0,6.0,4.0,2.0,1.0,3.0,1.0,2.0,1.0,4.0,1.0,1.0,6.0,6.0,1.0,6.0,6.0,5.0,6.0,1.0,3.0,2.0,5.0,1.0,6.0,3.0,4.0,5.0,21.0,2.0,5,4,4,10,,,,,Caucasian,5,5,5,1.0,1.9375,4.125,5.5,3.6
60,R_2rC3ZyzYVoBnxze,5.0,3.0,6.0,6.0,6.0,6.0,3.0,5.0,5.0,2.0,5.0,6.0,5.0,6.0,3.0,1.0,2.0,1.0,3.0,2.0,5.0,5.0,1.0,2.0,2.0,2.0,2.0,2.0,3.0,1.0,2.0,4.0,5.0,3.0,5.0,4.0,6.0,3.0,3.0,6.0,4.0,4.0,4.0,4.0,5.0,4.0,6.0,22.0,2.0,5,3,4,10,,,,,"White, United Kingdom",2,1,1,1.0,2.25,4.375,5.333333333333333,4.0
61,R_20ZKCKMEICQvSyn,5.0,6.0,7.0,7.0,7.0,5.0,7.0,6.0,7.0,3.0,7.0,5.0,6.0,5.0,3.0,1.0,1.0,1.0,1.0,1.0,2.0,5.0,1.0,1.0,2.0,1.0,1.0,1.0,2.0,1.0,3.0,3.0,3.0,2.0,6.0,5.0,1.0,1.0,2.0,2.0,1.0,3.0,1.0,2.0,1.0,2.0,6.0,22.0,2.0,5,5,5,10,,,,,Dutch,4,5,3,1.0,1.5625,2.5625,6.166666666666667,6.0
62,R_uwAf8qzDnGkjDOh,6.0,4.0,5.0,5.0,6.0,3.0,2.0,6.0,5.0,2.0,5.0,5.0,5.0,5.0,7.0,1.0,3.0,2.0,3.0,1.0,4.0,2.0,2.0,1.0,2.0,3.0,3.0,1.0,2.0,1.0,2.0,6.0,3.0,3.0,3.0,5.0,2.0,2.0,2.0,3.0,3.0,4.0,2.0,4.0,4.0,3.0,3.0,21.0,2.0,5,4,3,9,australia,4,3,3,Chinese,5,4,3,2.0,2.0625,3.25,4.833333333333333,4.0
63,R_4I8Ryd47govYNxv,6.0,7.0,7.0,7.0,6.0,3.0,3.0,2.0,1.0,2.0,3.0,6.0,6.0,6.0,5.0,1.0,2.0,1.0,3.0,1.0,3.0,3.0,2.0,2.0,3.0,3.0,1.0,1.0,4.0,1.0,1.0,3.0,3.0,2.0,3.0,2.0,4.0,1.0,2.0,2.0,2.0,3.0,2.0,3.0,3.0,3.0,4.0,19.0,2.0,4,4,3,10,,,,,Australian ,4,4,3,1.0,2.0,2.625,6.0,2.2
64,R_3pu7nZ5oDgWe4hh,6.0,3.0,7.0,4.0,6.0,7.0,5.0,6.0,6.0,5.0,4.0,5.0,4.0,5.0,5.0,3.0,2.0,3.0,4.0,3.0,4.0,4.0,4.0,4.0,3.0,2.0,2.0,3.0,4.0,4.0,2.0,3.0,4.0,3.0,4.0,4.0,4.0,4.0,4.0,4.0,5.0,5.0,3.0,4.0,4.0,5.0,5.0,21.0,2.0,5,3,4,9,australia,4,3,3,Chinese,4,4,4,2.0,3.1875,4.0625,5.5,5.2
65,R_6ECbp4F3QuM7Jdf,6.0,6.0,6.0,6.0,3.0,5.0,3.0,4.0,6.0,2.0,5.0,4.0,5.0,4.0,5.0,3.0,3.0,2.0,3.0,3.0,4.0,3.0,2.0,3.0,3.0,3.0,3.0,3.0,3.0,2.0,3.0,4.0,4.0,3.0,4.0,4.0,4.0,4.0,2.0,2.0,2.0,4.0,4.0,4.0,3.0,3.0,5.0,20.0,2.0,2,4,4,10,,,,,Multiracial (Asian and British),2,4,4,2.0,2.875,3.5,5.333333333333333,4.0
66,R_27sqdMSff1wVVEW,6.0,6.0,6.0,5.0,5.0,2.0,5.0,5.0,6.0,3.0,6.0,4.0,6.0,5.0,4.0,2.0,3.0,2.0,4.0,4.0,6.0,6.0,2.0,2.0,4.0,4.0,2.0,3.0,5.0,3.0,3.0,4.0,5.0,4.0,6.0,6.0,5.0,5.0,5.0,4.0,6.0,5.0,4.0,5.0,5.0,5.0,7.0,20.0,2.0,4,3,3,9,australia,3,2,4,Asian; Chinese-Indonesian,4,3,4,2.0,3.4375,5.0625,5.0,5.0
67,R_2WwEof9acHii0eD,6.0,6.0,7.0,6.0,6.0,5.0,6.0,5.0,5.0,4.0,6.0,3.0,5.0,4.0,3.0,1.0,2.0,2.0,1.0,2.0,4.0,2.0,2.0,1.0,1.0,2.0,2.0,1.0,1.0,1.0,2.0,2.0,2.0,2.0,2.0,1.0,2.0,2.0,1.0,2.0,2.0,2.0,2.0,2.0,4.0,3.0,1.0,21.0,2.0,4,4,4,9,scotland and australia,4,4,3,British ,4,3,2,2.0,1.6875,2.0,6.0,5.2
68,R_OKa25PKpVj6eT17,5.0,5.0,6.0,5.0,5.0,5.0,3.0,3.0,6.0,4.0,5.0,6.0,6.0,5.0,6.0,3.0,5.0,1.0,5.0,2.0,3.0,7.0,2.0,1.0,3.0,5.0,2.0,5.0,3.0,2.0,2.0,6.0,6.0,3.0,5.0,6.0,5.0,5.0,3.0,5.0,5.0,5.0,3.0,5.0,5.0,5.0,5.0,23.0,2.0,5,4,4,10,,,,,Australian ,5,4,5,1.0,3.1875,4.8125,5.166666666666667,4.2
69,R_71A2jJEvHViyoIV,5.0,4.0,5.0,4.0,5.0,3.0,5.0,4.0,5.0,4.0,5.0,6.0,6.0,6.0,6.0,5.0,5.0,4.0,4.0,6.0,4.0,5.0,4.0,4.0,4.0,5.0,4.0,5.0,5.0,5.0,4.0,4.0,4.0,5.0,4.0,5.0,5.0,4.0,4.0,5.0,5.0,6.0,6.0,4.0,3.0,4.0,4.0,21.0,2.0,5,5,5,9,melbourne,3,3,3,Chinese,5,5,5,2.0,4.5625,4.5,4.333333333333333,4.6
70,R_1MYrZ94NtVOEyCc,5.0,5.0,6.0,5.0,5.0,2.0,4.0,5.0,5.0,5.0,5.0,5.0,6.0,5.0,5.0,3.0,3.0,2.0,5.0,5.0,6.0,5.0,3.0,2.0,3.0,5.0,3.0,2.0,5.0,2.0,5.0,5.0,5.0,3.0,4.0,5.0,3.0,3.0,3.0,5.0,4.0,3.0,3.0,4.0,2.0,3.0,4.0,52.0,1.0,4,4,2,9,hong kong,4,4,3,Bogan,4,4,2,2.0,3.6875,3.6875,4.666666666666667,4.8
71,R_1H7zu0vgiDCsgZ0,6.0,7.0,7.0,7.0,6.0,6.0,5.0,6.0,6.0,5.0,6.0,3.0,5.0,3.0,3.0,2.0,2.0,1.0,2.0,2.0,5.0,5.0,2.0,1.0,2.0,3.0,2.0,2.0,2.0,3.0,2.0,6.0,5.0,2.0,6.0,6.0,5.0,3.0,3.0,5.0,5.0,5.0,3.0,5.0,3.0,5.0,6.0,20.0,2.0,4,4,2,9,australia,4,4,4,Indo-mauritian ,4,4,2,1.0,2.375,4.5625,6.5,5.6
72,R_3Ca5jXbUxwBZrm9,5.0,7.0,6.0,5.0,5.0,6.0,6.0,5.0,6.0,7.0,6.0,4.0,6.0,6.0,4.0,1.0,1.0,1.0,2.0,1.0,3.0,2.0,1.0,1.0,1.0,1.0,1.0,1.0,3.0,1.0,1.0,3.0,4.0,3.0,3.0,4.0,3.0,3.0,2.0,3.0,2.0,4.0,2.0,2.0,2.0,1.0,4.0,19.0,2.0,4,5,4,10,,,,,Caucasian,4,5,4,1.0,1.375,2.8125,5.666666666666667,6.0
73,R_1j6ur7c3pbkd09A,6.0,5.0,5.0,6.0,7.0,2.0,7.0,7.0,7.0,2.0,6.0,6.0,5.0,5.0,6.0,2.0,2.0,4.0,2.0,2.0,5.0,5.0,4.0,1.0,2.0,3.0,1.0,5.0,5.0,2.0,4.0,5.0,5.0,2.0,4.0,4.0,6.0,3.0,3.0,4.0,3.0,5.0,2.0,4.0,3.0,2.0,3.0,21.0,2.0,3,4,3,9,australia,4,3,4,,4,4,4,2.0,3.0625,3.625,5.166666666666667,5.8
74,R_25z1E67g35epKIj,7.0,7.0,7.0,5.0,2.0,2.0,4.0,3.0,5.0,1.0,6.0,5.0,5.0,5.0,4.0,1.0,3.0,1.0,3.0,1.0,6.0,4.0,3.0,1.0,3.0,3.0,5.0,2.0,2.0,2.0,2.0,4.0,3.0,3.0,4.0,3.0,4.0,2.0,3.0,3.0,3.0,5.0,2.0,4.0,4.0,5.0,6.0,23.0,1.0,5,5,3,10,,,,,Greek,4,3,3,1.0,2.625,3.625,5.0,3.8
75,R_w4QWQGy5AwM4Hqp,4.0,6.0,6.0,6.0,6.0,6.0,6.0,4.0,4.0,4.0,5.0,4.0,5.0,5.0,6.0,4.0,3.0,2.0,2.0,4.0,6.0,3.0,4.0,3.0,3.0,3.0,4.0,5.0,5.0,2.0,4.0,5.0,5.0,5.0,4.0,4.0,6.0,5.0,5.0,4.0,4.0,5.0,5.0,5.0,3.0,4.0,6.0,21.0,1.0,2,2,3,9,australia,4,4,4,Chinese,4,4,4,2.0,3.5625,4.6875,5.666666666666667,4.6
76,R_6sPux6CV2kJD59n,5.0,5.0,7.0,5.0,7.0,2.0,3.0,6.0,5.0,5.0,6.0,6.0,6.0,6.0,7.0,5.0,5.0,2.0,5.0,7.0,7.0,7.0,4.0,2.0,3.0,6.0,6.0,7.0,7.0,4.0,7.0,7.0,7.0,7.0,7.0,7.0,7.0,7.0,7.0,7.0,7.0,6.0,6.0,7.0,7.0,7.0,6.0,20.0,2.0,4,5,5,9,australia,5,5,5,Asian,5,5,5,2.0,5.25,6.8125,5.166666666666667,5.0
77,R_O9YudYsTMKuB6sp,6.0,5.0,5.0,6.0,7.0,7.0,5.0,5.0,6.0,4.0,5.0,3.0,5.0,5.0,5.0,4.0,2.0,2.0,4.0,1.0,3.0,4.0,2.0,2.0,2.0,3.0,1.0,2.0,3.0,3.0,1.0,4.0,1.0,4.0,4.0,4.0,3.0,1.0,4.0,3.0,2.0,5.0,2.0,4.0,4.0,3.0,5.0,20.0,2.0,3,3,3,10,,,,,Greek,4,4,4,1.0,2.4375,3.3125,6.0,5.0
78,R_1BShSyFmCVRuOtR,3.0,5.0,3.0,1.0,2.0,6.0,2.0,6.0,6.0,6.0,6.0,5.0,6.0,6.0,6.0,3.0,2.0,2.0,4.0,2.0,3.0,5.0,3.0,3.0,2.0,2.0,3.0,2.0,2.0,4.0,2.0,5.0,4.0,2.0,4.0,5.0,5.0,2.0,5.0,2.0,5.0,5.0,4.0,4.0,4.0,4.0,6.0,21.0,2.0,2,3,3,10,,,,,Greek,4,4,4,1.0,2.75,4.125,3.3333333333333335,5.2
79,R_1d6tjN4sYKfxVi9,5.0,5.0,5.0,6.0,6.0,4.0,5.0,6.0,6.0,5.0,6.0,6.0,6.0,6.0,5.0,1.0,1.0,1.0,2.0,2.0,5.0,3.0,1.0,1.0,1.0,2.0,2.0,1.0,1.0,1.0,1.0,6.0,4.0,1.0,4.0,2.0,4.0,1.0,1.0,3.0,3.0,4.0,2.0,3.0,3.0,1.0,6.0,,2.0,4,3,3,10,,,,,,4,4,3,2.0,1.625,3.0,5.166666666666667,5.6
80,R_1N4iWDkV5q8DEbk,6.0,6.0,6.0,5.0,6.0,7.0,6.0,5.0,7.0,2.0,5.0,4.0,5.0,4.0,5.0,1.0,1.0,1.0,3.0,1.0,4.0,1.0,1.0,1.0,2.0,1.0,1.0,1.0,1.0,1.0,2.0,2.0,2.0,3.0,2.0,1.0,2.0,2.0,1.0,3.0,3.0,2.0,2.0,2.0,3.0,1.0,2.0,69.0,2.0,3,4,4,9,europe and papua new guinea,4,4,4,Australia,4,4,4,1.0,1.4375,2.0625,6.0,5.0
81,R_qUWeqAmw0dE94Ep,5.0,3.0,3.0,5.0,4.0,3.0,5.0,6.0,6.0,4.0,5.0,5.0,5.0,5.0,5.0,3.0,3.0,5.0,3.0,6.0,6.0,6.0,3.0,3.0,7.0,7.0,2.0,4.0,5.0,6.0,5.0,4.0,7.0,7.0,6.0,6.0,6.0,5.0,6.0,6.0,6.0,6.0,7.0,5.0,6.0,6.0,7.0,26.0,1.0,5,4,4,9,,4,4,4,USA/Australian ,5,4,4,1.0,4.625,6.0,3.8333333333333335,5.2
82,R_3huP9dBC2T8Zqy0,6.0,6.0,7.0,4.0,5.0,6.0,5.0,3.0,6.0,4.0,5.0,6.0,4.0,5.0,3.0,1.0,3.0,1.0,5.0,2.0,1.0,4.0,3.0,2.0,2.0,3.0,2.0,2.0,4.0,2.0,2.0,4.0,1.0,3.0,3.0,1.0,4.0,2.0,2.0,2.0,5.0,4.0,4.0,4.0,4.0,3.0,6.0,20.0,2.0,2,3,2,10,,,,,"Australian, Welsh",1,1,2,1.0,2.4375,3.25,5.666666666666667,4.6
83,R_3Ic2lwgqcKmgNIv,5.0,5.0,6.0,6.0,6.0,5.0,6.0,5.0,5.0,6.0,6.0,5.0,6.0,5.0,5.0,3.0,4.0,2.0,4.0,3.0,4.0,4.0,3.0,2.0,3.0,4.0,2.0,3.0,3.0,2.0,3.0,4.0,4.0,2.0,4.0,5.0,4.0,4.0,3.0,4.0,3.0,4.0,4.0,4.0,5.0,4.0,4.0,20.0,2.0,4,3,3,10,,,,,Italian ,4,4,3,1.0,3.0625,3.875,5.5,5.6
84,R_Os6bAcvXpfUhbXz,6.0,5.0,6.0,5.0,7.0,7.0,7.0,6.0,6.0,6.0,7.0,7.0,7.0,7.0,6.0,1.0,3.0,1.0,2.0,2.0,6.0,6.0,2.0,2.0,2.0,3.0,4.0,2.0,5.0,4.0,2.0,5.0,3.0,3.0,6.0,4.0,4.0,4.0,3.0,2.0,2.0,4.0,2.0,6.0,3.0,4.0,3.0,20.0,2.0,4,4,5,9,australia,4,2,3,Asian,5,4,5,2.0,2.9375,3.625,6.0,6.4
85,R_V3AN14H6X6ebCSZ,6.0,6.0,6.0,6.0,7.0,4.0,2.0,5.0,4.0,2.0,6.0,6.0,7.0,6.0,6.0,7.0,7.0,3.0,6.0,4.0,6.0,6.0,6.0,6.0,4.0,5.0,6.0,6.0,4.0,5.0,5.0,6.0,6.0,5.0,5.0,6.0,6.0,6.0,5.0,5.0,5.0,6.0,4.0,6.0,4.0,4.0,6.0,30.0,1.0,3,1,1,9,australia,3,1,1,Korean,4,1,1,2.0,5.375,5.3125,5.833333333333333,3.8
86,R_21FHcnG91p81ut4,4.0,5.0,6.0,6.0,6.0,2.0,5.0,5.0,6.0,3.0,6.0,6.0,4.0,4.0,4.0,2.0,1.0,2.0,2.0,2.0,2.0,2.0,2.0,2.0,2.0,2.0,2.0,2.0,3.0,1.0,3.0,2.0,,2.0,2.0,2.0,2.0,2.0,2.0,2.0,2.0,3.0,2.0,2.0,2.0,2.0,4.0,48.0,1.0,4,3,3,10,,,,,,,,,1.0,2.0,,4.833333333333333,5.0
87,R_21snQ9LhMUoKAK4,6.0,6.0,6.0,6.0,6.0,5.0,7.0,6.0,5.0,5.0,5.0,5.0,5.0,5.0,5.0,2.0,3.0,2.0,3.0,2.0,2.0,2.0,2.0,1.0,2.0,2.0,2.0,2.0,1.0,2.0,1.0,2.0,3.0,2.0,2.0,1.0,2.0,2.0,1.0,1.0,2.0,2.0,2.0,3.0,1.0,2.0,,21.0,2.0,4,4,4,9,england ,4,4,4,,3,3,3,1.0,1.9375,,5.833333333333333,5.6
88,R_1JXFm4NVvR9QCnq,6.0,5.0,5.0,5.0,4.0,3.0,3.0,5.0,6.0,4.0,6.0,7.0,7.0,7.0,5.0,2.0,2.0,2.0,3.0,2.0,4.0,5.0,3.0,2.0,2.0,3.0,2.0,2.0,3.0,2.0,2.0,4.0,4.0,3.0,5.0,5.0,4.0,5.0,3.0,2.0,3.0,5.0,5.0,4.0,5.0,4.0,4.0,21.0,2.0,5,5,5,10,,,,,White,4,4,5,1.0,2.5625,4.0625,4.666666666666667,4.8
89,R_1XNM2O5RsuKUsh3,6.0,7.0,7.0,7.0,7.0,6.0,2.0,5.0,5.0,2.0,6.0,3.0,6.0,6.0,2.0,1.0,2.0,1.0,6.0,1.0,7.0,5.0,3.0,2.0,3.0,5.0,3.0,1.0,6.0,3.0,2.0,5.0,6.0,2.0,6.0,6.0,3.0,3.0,4.0,5.0,6.0,6.0,4.0,2.0,6.0,5.0,7.0,20.0,2.0,4,4,5,10,,,,,Vietnamese,2,2,2,2.0,3.1875,4.75,6.666666666666667,4.0
90,R_1dAl38KAeXkGu61,6.0,6.0,6.0,6.0,6.0,4.0,3.0,2.0,3.0,3.0,6.0,6.0,6.0,5.0,5.0,2.0,3.0,2.0,2.0,1.0,6.0,5.0,2.0,2.0,5.0,3.0,4.0,3.0,5.0,3.0,4.0,5.0,5.0,3.0,5.0,6.0,5.0,5.0,3.0,4.0,3.0,5.0,3.0,5.0,4.0,3.0,3.0,23.0,2.0,4,5,4,,,4,2,4,Half Japanese ,3,4,,2.0,3.25,4.1875,5.666666666666667,3.4
91,R_10pVSqxDJKRz2PW,6.0,5.0,7.0,7.0,3.0,5.0,4.0,3.0,6.0,5.0,7.0,5.0,6.0,6.0,4.0,5.0,1.0,1.0,1.0,1.0,7.0,5.0,5.0,3.0,3.0,2.0,2.0,1.0,5.0,5.0,2.0,5.0,6.0,5.0,6.0,6.0,6.0,4.0,3.0,5.0,5.0,5.0,5.0,6.0,5.0,2.0,7.0,20.0,2.0,4,3,2,10,,,,,Vietnamese / Scottish,4,5,5,2.0,3.0625,5.0625,5.5,5.0
92,R_3Jk06O7ctIKlbC8,7.0,7.0,7.0,7.0,7.0,5.0,2.0,5.0,5.0,2.0,4.0,5.0,6.0,6.0,3.0,3.0,2.0,1.0,3.0,1.0,7.0,7.0,3.0,3.0,5.0,7.0,3.0,2.0,7.0,2.0,1.0,4.0,4.0,4.0,4.0,6.0,5.0,3.0,4.0,5.0,5.0,5.0,5.0,4.0,5.0,4.0,,22.0,2.0,2,3,3,10,,,,,,2,3,3,1.0,3.5625,,6.666666666666667,3.6
93,R_3kpoVBoor2sddjK,7.0,5.0,5.0,5.0,7.0,5.0,3.0,5.0,4.0,4.0,6.0,5.0,5.0,5.0,5.0,1.0,1.0,2.0,3.0,3.0,4.0,2.0,2.0,2.0,2.0,2.0,2.0,4.0,4.0,2.0,2.0,4.0,4.0,1.0,4.0,4.0,4.0,5.0,1.0,2.0,4.0,4.0,1.0,4.0,4.0,4.0,4.0,19.0,2.0,4,4,4,9,vietnam,4,2,1,Mixed Thai-Australian,4,4,4,2.0,2.375,3.375,5.666666666666667,4.4
94,R_1DAA4LnPmESx5ms,6.0,7.0,7.0,7.0,4.0,6.0,1.0,5.0,6.0,4.0,5.0,7.0,6.0,6.0,4.0,6.0,4.0,2.0,5.0,2.0,6.0,6.0,2.0,2.0,2.0,2.0,2.0,2.0,6.0,4.0,3.0,6.0,4.0,1.0,6.0,6.0,2.0,2.0,2.0,3.0,2.0,5.0,4.0,4.0,4.0,5.0,6.0,21.0,2.0,5,5,5,10,,,,,Australian ,5,5,5,1.0,3.5,3.875,6.166666666666667,4.2
95,R_ThzUvucRIySpz0d,7.0,5.0,7.0,5.0,5.0,6.0,6.0,5.0,4.0,3.0,4.0,5.0,6.0,4.0,4.0,2.0,2.0,2.0,4.0,3.0,6.0,4.0,2.0,2.0,5.0,4.0,2.0,2.0,2.0,2.0,2.0,5.0,5.0,2.0,5.0,6.0,5.0,6.0,2.0,3.0,6.0,5.0,2.0,5.0,4.0,5.0,6.0,19.0,2.0,5,4,2,9,netherlands,1,1,2,Chinese-Indonesian,4,4,2,2.0,2.875,4.5,5.833333333333333,4.4
96,R_Teh3eZym8UExnnb,6.0,6.0,7.0,6.0,6.0,5.0,7.0,3.0,1.0,3.0,4.0,5.0,7.0,5.0,6.0,2.0,3.0,2.0,2.0,2.0,2.0,5.0,4.0,2.0,2.0,2.0,3.0,2.0,2.0,2.0,2.0,2.0,2.0,3.0,2.0,2.0,2.0,3.0,2.0,2.0,2.0,2.0,2.0,5.0,2.0,2.0,5.0,20.0,2.0,5,5,5,9,hong kong and uk,5,5,5,White,4,4,4,2.0,2.4375,2.5,6.0,3.6
97,R_1oGa3ffO2VujvIx,3.0,5.0,5.0,6.0,6.0,5.0,6.0,5.0,6.0,6.0,5.0,6.0,6.0,6.0,6.0,1.0,5.0,2.0,3.0,5.0,5.0,6.0,1.0,1.0,2.0,5.0,2.0,3.0,3.0,1.0,5.0,5.0,6.0,3.0,6.0,6.0,4.0,6.0,2.0,4.0,3.0,6.0,4.0,5.0,3.0,4.0,4.0,24.0,1.0,4,3,4,10,,,,,Irish,1,1,1,1.0,3.125,4.4375,5.0,5.6
98,R_3DdpPlYbAKhBj49,7.0,7.0,7.0,7.0,7.0,5.0,7.0,5.0,6.0,6.0,5.0,6.0,7.0,6.0,6.0,4.0,4.0,5.0,3.0,5.0,5.0,6.0,5.0,4.0,4.0,5.0,5.0,5.0,5.0,3.0,3.0,5.0,4.0,3.0,5.0,5.0,3.0,4.0,5.0,4.0,4.0,5.0,6.0,4.0,5.0,4.0,4.0,59.0,3.0,5,4,4,9,usa,5,4,4,Asian,5,5,5,2.0,4.4375,4.375,6.666666666666667,5.8
99,R_22YpEHnvFBSbY8m,7.0,6.0,6.0,7.0,6.0,6.0,5.0,4.0,5.0,3.0,5.0,5.0,6.0,6.0,6.0,1.0,2.0,1.0,1.0,2.0,4.0,3.0,2.0,1.0,3.0,1.0,1.0,2.0,3.0,1.0,1.0,6.0,2.0,2.0,4.0,5.0,5.0,3.0,1.0,3.0,2.0,5.0,3.0,5.0,3.0,2.0,3.0,23.0,2.0,4,2,2,10,,,,,Settler Australian/Austrian,4,4,4,1.0,1.8125,3.375,6.333333333333333,4.4
100,R_3jffnUuTLpV7TBm,7.0,7.0,7.0,7.0,6.0,5.0,6.0,4.0,5.0,3.0,6.0,6.0,6.0,6.0,6.0,1.0,2.0,1.0,5.0,1.0,7.0,4.0,1.0,1.0,3.0,5.0,1.0,1.0,3.0,1.0,1.0,6.0,5.0,5.0,5.0,5.0,5.0,3.0,3.0,3.0,3.0,5.0,1.0,5.0,2.0,5.0,6.0,22.0,2.0,4,4,4,10,,,,,Irish,1,1,1,1.0,2.375,4.1875,6.5,4.8
101,R_1P8lgPDzSsJxcmx,5.0,7.0,7.0,7.0,6.0,6.0,6.0,5.0,2.0,3.0,6.0,6.0,6.0,6.0,4.0,2.0,2.0,1.0,5.0,3.0,3.0,5.0,2.0,2.0,2.0,2.0,2.0,3.0,2.0,2.0,1.0,4.0,3.0,2.0,6.0,6.0,3.0,4.0,4.0,4.0,2.0,7.0,2.0,4.0,3.0,3.0,6.0,21.0,2.0,5,4,4,10,,,,,Italian & German ,4,4,4,1.0,2.4375,3.9375,6.333333333333333,4.4
102,R_3qKZAk6Pztnq7Gz,3.0,5.0,5.0,4.0,4.0,5.0,5.0,6.0,7.0,7.0,7.0,5.0,6.0,7.0,7.0,1.0,5.0,4.0,3.0,5.0,6.0,4.0,2.0,2.0,3.0,3.0,4.0,4.0,6.0,2.0,5.0,4.0,4.0,3.0,4.0,6.0,5.0,4.0,6.0,3.0,5.0,3.0,3.0,5.0,5.0,5.0,4.0,21.0,2.0,4,4,5,9,australia ,4,4,4,Chinese ,5,5,5,2.0,3.6875,4.3125,4.333333333333333,6.4
103,R_3PjybQEZW1uV0Rv,5.0,4.0,5.0,6.0,6.0,3.0,3.0,5.0,5.0,5.0,6.0,5.0,7.0,7.0,6.0,4.0,4.0,2.0,6.0,2.0,7.0,5.0,4.0,1.0,5.0,5.0,2.0,2.0,3.0,3.0,3.0,4.0,3.0,3.0,3.0,5.0,3.0,2.0,2.0,3.0,3.0,4.0,5.0,4.0,4.0,4.0,4.0,20.0,2.0,5,3,4,9,"singapore, melbourne",5,3,4,Australian-Filipino,5,5,5,2.0,3.625,3.5,4.833333333333333,4.8
104,R_31u9uaHzACIhTDX,6.0,6.0,6.0,6.0,6.0,6.0,6.0,4.0,5.0,3.0,5.0,6.0,6.0,6.0,5.0,2.0,1.0,1.0,1.0,1.0,4.0,1.0,1.0,2.0,2.0,1.0,2.0,1.0,1.0,4.0,1.0,2.0,3.0,2.0,2.0,2.0,1.0,2.0,2.0,4.0,4.0,2.0,1.0,1.0,1.0,2.0,4.0,41.0,1.0,4,,1,9,papua new guinea,4,1,1,Northern European,1,1,1,1.0,1.625,2.1875,6.0,4.6
105,R_2aE7COJcgRNmBFu,5.0,3.0,3.0,3.0,5.0,3.0,2.0,5.0,2.0,2.0,5.0,2.0,5.0,3.0,3.0,5.0,3.0,2.0,5.0,3.0,6.0,6.0,5.0,5.0,6.0,3.0,6.0,5.0,6.0,3.0,3.0,6.0,6.0,3.0,6.0,6.0,6.0,5.0,2.0,3.0,3.0,5.0,4.0,5.0,3.0,3.0,5.0,18.0,2.0,4,4,5,10,,,,,Chinese,4,4,4,2.0,4.5,4.4375,3.6666666666666665,3.2
106,R_1OiU61GnSZlOBqu,5.0,5.0,6.0,6.0,5.0,5.0,2.0,5.0,5.0,3.0,5.0,6.0,7.0,6.0,6.0,1.0,2.0,1.0,2.0,5.0,5.0,5.0,2.0,2.0,5.0,2.0,2.0,2.0,3.0,1.0,2.0,2.0,5.0,2.0,3.0,3.0,5.0,2.0,2.0,3.0,5.0,3.0,2.0,5.0,5.0,3.0,5.0,54.0,2.0,4,4,4,10,,,,,Australian,4,4,4,1.0,2.625,3.4375,5.333333333333333,4.0
107,R_u53ah2WplZPfLbP,6.0,6.0,7.0,7.0,6.0,3.0,6.0,7.0,6.0,3.0,5.0,6.0,6.0,6.0,6.0,1.0,1.0,1.0,1.0,1.0,5.0,2.0,1.0,1.0,1.0,1.0,1.0,1.0,2.0,1.0,1.0,4.0,6.0,1.0,2.0,6.0,2.0,6.0,1.0,2.0,1.0,2.0,4.0,2.0,1.0,1.0,3.0,20.0,2.0,5,3,3,10,,,,,Anglo-Saxon,4,3,3,1.0,1.375,2.75,5.833333333333333,5.4
108,R_2Pcf26ZcR9gDt3W,3.0,4.0,4.0,3.0,2.0,3.0,6.0,6.0,6.0,7.0,6.0,6.0,6.0,6.0,6.0,2.0,2.0,1.0,2.0,2.0,7.0,7.0,2.0,6.0,6.0,5.0,2.0,3.0,6.0,2.0,2.0,7.0,7.0,6.0,7.0,6.0,7.0,2.0,7.0,6.0,7.0,7.0,7.0,7.0,7.0,6.0,7.0,24.0,2.0,5,2,1,9,netherlands,4,3,3,Asian,5,2,2,2.0,3.5625,6.4375,3.1666666666666665,6.2
109,R_2CwQEI7AbM6xKqY,5.0,6.0,6.0,5.0,5.0,3.0,4.0,6.0,6.0,3.0,6.0,2.0,3.0,2.0,2.0,1.0,2.0,1.0,2.0,2.0,4.0,4.0,2.0,1.0,3.0,2.0,1.0,1.0,4.0,1.0,1.0,3.0,1.0,2.0,3.0,2.0,4.0,4.0,1.0,2.0,3.0,4.0,2.0,2.0,4.0,1.0,4.0,23.0,2.0,4,3,1,10,,,,,Anglo/White,2,2,2,1.0,2.0,2.625,5.0,5.0
110,R_24nMZF5L6NxQBWC,7.0,7.0,7.0,7.0,6.0,7.0,3.0,5.0,6.0,2.0,6.0,6.0,6.0,6.0,4.0,1.0,1.0,1.0,1.0,1.0,2.0,2.0,1.0,1.0,1.0,1.0,1.0,1.0,5.0,1.0,1.0,2.0,1.0,1.0,2.0,1.0,2.0,1.0,2.0,2.0,1.0,2.0,2.0,2.0,1.0,2.0,5.0,21.0,2.0,3,4,4,10,,,,,English,1,1,1,1.0,1.375,1.8125,6.833333333333333,4.4
111,R_2f9FVPifhXHSTxC,7.0,7.0,7.0,7.0,6.0,6.0,6.0,5.0,4.0,2.0,5.0,7.0,7.0,7.0,7.0,1.0,1.0,1.0,1.0,1.0,2.0,1.0,1.0,1.0,2.0,2.0,1.0,1.0,1.0,1.0,1.0,1.0,2.0,1.0,1.0,1.0,1.0,1.0,1.0,1.0,1.0,2.0,1.0,2.0,2.0,1.0,4.0,42.0,2.0,5,5,3,10,,,,,Australian,5,5,,1.0,1.1875,1.4375,6.666666666666667,4.4
112,R_abYLYX3L0jJLhYJ,5.0,2.0,3.0,5.0,1.0,5.0,5.0,7.0,5.0,2.0,6.0,3.0,5.0,3.0,5.0,4.0,5.0,2.0,5.0,2.0,7.0,7.0,2.0,2.0,1.0,4.0,3.0,3.0,6.0,2.0,2.0,6.0,5.0,2.0,7.0,7.0,7.0,6.0,4.0,6.0,7.0,6.0,2.0,6.0,7.0,6.0,7.0,20.0,2.0,4,4,4,10,,,,,White,2,1,4,1.0,3.5625,5.6875,3.5,5.0
113,R_2rHfZZb2PP5CJzu,5.0,5.0,6.0,6.0,5.0,3.0,5.0,6.0,6.0,5.0,6.0,6.0,6.0,6.0,6.0,1.0,2.0,1.0,3.0,3.0,4.0,4.0,2.0,2.0,3.0,2.0,2.0,3.0,4.0,3.0,2.0,4.0,3.0,3.0,4.0,3.0,3.0,3.0,3.0,3.0,4.0,4.0,3.0,3.0,4.0,3.0,3.0,68.0,1.0,4,4,4,10,,,,,English ,4,4,3,1.0,2.5625,3.3125,5.0,5.6
114,R_1QJvRdC32O9ej3f,5.0,5.0,6.0,5.0,6.0,5.0,4.0,4.0,5.0,3.0,5.0,5.0,5.0,3.0,5.0,2.0,2.0,2.0,3.0,1.0,4.0,4.0,3.0,2.0,3.0,3.0,2.0,2.0,4.0,2.0,2.0,4.0,4.0,3.0,4.0,4.0,4.0,3.0,3.0,3.0,4.0,4.0,3.0,4.0,4.0,4.0,4.0,26.0,1.0,4,3,3,10,,,,,Caucasian ,3,5,3,2.0,2.5625,3.6875,5.333333333333333,4.2
115,R_2PdoQGoDM2FY9oW,5.0,5.0,7.0,7.0,7.0,2.0,5.0,5.0,5.0,2.0,5.0,5.0,6.0,6.0,5.0,1.0,1.0,1.0,2.0,1.0,6.0,5.0,1.0,2.0,1.0,2.0,1.0,2.0,3.0,1.0,1.0,5.0,4.0,2.0,6.0,4.0,4.0,2.0,1.0,4.0,5.0,6.0,4.0,5.0,4.0,4.0,6.0,57.0,1.0,5,4,3,9,fiji and mexico,4,2,1,Australian ,5,4,2,1.0,1.9375,4.125,5.5,4.4
116,R_3RsdpsJUhx0Sm4k,6.0,3.0,6.0,6.0,6.0,4.0,4.0,6.0,5.0,4.0,5.0,6.0,6.0,6.0,5.0,1.0,2.0,2.0,5.0,3.0,6.0,2.0,1.0,1.0,2.0,1.0,1.0,1.0,4.0,6.0,2.0,5.0,5.0,1.0,5.0,6.0,1.0,4.0,1.0,4.0,4.0,4.0,4.0,4.0,3.0,2.0,5.0,56.0,2.0,4,4,4,9,central america,1,1,3,Australian,5,4,4,1.0,2.5,3.625,5.166666666666667,4.8
117,R_2atnrtHe2KQsaoM,6.0,7.0,7.0,7.0,7.0,7.0,6.0,5.0,4.0,2.0,6.0,4.0,4.0,4.0,4.0,1.0,1.0,2.0,1.0,5.0,7.0,6.0,1.0,1.0,1.0,1.0,1.0,2.0,2.0,1.0,5.0,6.0,5.0,5.0,6.0,7.0,5.0,1.0,5.0,5.0,5.0,5.0,3.0,5.0,5.0,5.0,6.0,30.0,2.0,3,4,4,9,new zealand,5,4,5,Chinese,4,4,4,2.0,2.375,4.9375,6.833333333333333,4.6
118,R_2WCppBUlX0PR9sw,6.0,6.0,6.0,6.0,7.0,6.0,5.0,5.0,6.0,5.0,5.0,6.0,6.0,6.0,6.0,2.0,2.0,2.0,2.0,1.0,2.0,4.0,2.0,2.0,2.0,2.0,3.0,2.0,3.0,2.0,2.0,4.0,2.0,3.0,3.0,4.0,4.0,2.0,2.0,3.0,2.0,3.0,2.0,4.0,2.0,3.0,5.0,21.0,2.0,4,5,5,9,"hong kong, america ",4,4,4,Italian ,4,4,4,2.0,2.1875,3.0,6.166666666666667,5.2
119,R_UfOXWj94KrCsdUd,7.0,6.0,7.0,7.0,7.0,7.0,6.0,5.0,5.0,5.0,6.0,6.0,5.0,5.0,5.0,1.0,2.0,1.0,3.0,1.0,2.0,4.0,2.0,1.0,3.0,3.0,2.0,1.0,1.0,2.0,1.0,6.0,1.0,3.0,5.0,3.0,4.0,3.0,2.0,4.0,3.0,2.0,4.0,6.0,4.0,4.0,5.0,22.0,2.0,4,5,5,9,hong kong ,4,3,2,Australian,4,5,5,2.0,1.875,3.6875,6.833333333333333,5.4
120,R_2b2W05NnjFpHwEX,5.0,3.0,3.0,3.0,5.0,3.0,6.0,6.0,5.0,5.0,6.0,6.0,6.0,6.0,6.0,6.0,5.0,3.0,3.0,5.0,5.0,5.0,2.0,3.0,5.0,3.0,2.0,6.0,5.0,4.0,5.0,6.0,5.0,3.0,6.0,6.0,4.0,2.0,5.0,4.0,3.0,5.0,5.0,6.0,4.0,4.0,5.0,21.0,3.0,4,4,2,10,,,,,Khmer,4,4,2,2.0,4.1875,4.5625,3.6666666666666665,5.6
121,R_3D0cNM3JIjTQJbH,2.0,2.0,2.0,2.0,2.0,2.0,7.0,7.0,7.0,7.0,7.0,5.0,5.0,5.0,5.0,6.0,2.0,6.0,2.0,1.0,2.0,2.0,2.0,6.0,2.0,2.0,2.0,2.0,6.0,6.0,2.0,6.0,6.0,6.0,6.0,6.0,6.0,6.0,7.0,6.0,6.0,6.0,6.0,6.0,7.0,7.0,6.0,,2.0,1,1,1,10,,,,,Japanese and chinese ,5,5,5,2.0,3.1875,6.1875,2.0,7.0
122,R_2ROIiqQnZc7lPlA,1.0,1.0,1.0,1.0,1.0,1.0,7.0,7.0,7.0,7.0,7.0,5.0,5.0,5.0,5.0,6.0,1.0,5.0,1.0,2.0,3.0,7.0,2.0,7.0,2.0,3.0,2.0,1.0,3.0,1.0,1.0,7.0,7.0,7.0,7.0,7.0,7.0,7.0,7.0,7.0,7.0,7.0,7.0,7.0,7.0,7.0,2.0,30.0,1.0,5,5,5,9,aus,5,5,5,KOREAN ASIAN,5,5,5,2.0,2.9375,6.6875,1.0,7.0
123,R_1i3PddALpRYPNoF,1.0,1.0,1.0,1.0,1.0,1.0,7.0,7.0,7.0,7.0,6.0,2.0,5.0,2.0,2.0,7.0,7.0,7.0,7.0,7.0,7.0,7.0,7.0,7.0,7.0,7.0,7.0,7.0,7.0,7.0,7.0,7.0,7.0,7.0,7.0,7.0,7.0,7.0,7.0,7.0,7.0,7.0,7.0,7.0,7.0,7.0,7.0,23.0,1.0,4,5,4,10,,,,,ASIAN ,5,2,5,2.0,7.0,7.0,1.0,6.8
124,R_qRyGu7AO4n08vcJ,5.0,6.0,6.0,6.0,5.0,2.0,5.0,5.0,6.0,2.0,5.0,5.0,6.0,6.0,5.0,3.0,2.0,1.0,4.0,4.0,6.0,5.0,5.0,2.0,2.0,4.0,3.0,3.0,5.0,2.0,3.0,6.0,5.0,2.0,5.0,5.0,4.0,4.0,2.0,4.0,5.0,5.0,3.0,5.0,5.0,4.0,6.0,20.0,1.0,2,2,2,10,,,,,Greek,3,3,2,1.0,3.375,4.375,5.0,4.6
125,R_1gOBKni4idknFhl,2.0,6.0,7.0,6.0,7.0,2.0,6.0,6.0,7.0,2.0,6.0,6.0,6.0,6.0,6.0,1.0,1.0,1.0,2.0,1.0,3.0,2.0,2.0,1.0,3.0,1.0,1.0,2.0,2.0,2.0,1.0,4.0,5.0,4.0,5.0,4.0,4.0,4.0,3.0,2.0,4.0,2.0,4.0,5.0,3.0,4.0,5.0,20.0,2.0,4,4,4,10,,,,,Italian,4,4,4,1.0,1.625,3.875,5.0,5.4
126,R_bjcJH0qYxehC0cF,6.0,6.0,7.0,7.0,6.0,6.0,6.0,6.0,4.0,5.0,6.0,6.0,6.0,7.0,5.0,4.0,1.0,1.0,5.0,3.0,6.0,4.0,1.0,1.0,1.0,3.0,4.0,3.0,4.0,1.0,3.0,4.0,3.0,4.0,4.0,4.0,4.0,2.0,3.0,1.0,4.0,4.0,3.0,4.0,1.0,1.0,2.0,21.0,1.0,5,5,4,10,,,,,Italian,5,5,4,1.0,2.8125,3.0,6.333333333333333,5.4
127,R_25EDoPixaApKDq2,7.0,7.0,7.0,7.0,7.0,6.0,6.0,3.0,6.0,2.0,5.0,6.0,7.0,7.0,7.0,1.0,2.0,1.0,6.0,1.0,7.0,7.0,2.0,1.0,1.0,3.0,1.0,1.0,6.0,1.0,1.0,5.0,7.0,5.0,6.0,5.0,2.0,3.0,3.0,2.0,2.0,5.0,3.0,5.0,5.0,3.0,5.0,28.0,2.0,4,5,4,9,america,2,1,1,Italian ,4,4,5,1.0,2.625,4.125,6.833333333333333,4.4
128,R_3xAVGLxdFVa4dxv,7.0,6.0,7.0,7.0,6.0,6.0,5.0,6.0,7.0,5.0,6.0,5.0,6.0,6.0,6.0,1.0,1.0,1.0,1.0,1.0,1.0,2.0,1.0,1.0,1.0,2.0,1.0,1.0,2.0,2.0,2.0,3.0,3.0,1.0,2.0,2.0,2.0,2.0,1.0,1.0,2.0,2.0,3.0,2.0,2.0,1.0,1.0,54.0,2.0,5,5,4,9,italy ,5,5,4,Australian,5,5,4,1.0,1.3125,1.875,6.5,5.8
129,R_1kNc4KRqOCtoNJN,5.0,5.0,2.0,3.0,5.0,2.0,7.0,6.0,6.0,7.0,7.0,7.0,7.0,7.0,7.0,1.0,1.0,1.0,2.0,1.0,3.0,3.0,2.0,1.0,1.0,1.0,4.0,1.0,4.0,1.0,1.0,3.0,1.0,1.0,3.0,1.0,3.0,2.0,3.0,1.0,4.0,4.0,2.0,2.0,3.0,3.0,4.0,33.0,2.0,5,5,5,9,australia,2,1,2,Han,5,5,5,2.0,1.75,2.5,3.6666666666666665,6.6
130,R_ZIYQfJphMl3knYt,4.0,3.0,3.0,3.0,3.0,2.0,2.0,6.0,3.0,2.0,3.0,5.0,6.0,6.0,6.0,3.0,6.0,5.0,6.0,5.0,6.0,6.0,3.0,1.0,5.0,6.0,5.0,2.0,5.0,2.0,2.0,4.0,7.0,6.0,6.0,7.0,4.0,7.0,2.0,4.0,2.0,7.0,1.0,6.0,7.0,3.0,7.0,21.0,1.0,1,2,2,9,australia,2,3,2,Chinese,2,3,2,2.0,4.25,5.0,3.0,3.2
131,R_3Hhn5shhM8hruSJ,1.0,5.0,5.0,4.0,3.0,2.0,3.0,3.0,2.0,2.0,3.0,2.0,5.0,5.0,4.0,6.0,3.0,6.0,3.0,4.0,5.0,3.0,3.0,3.0,3.0,3.0,5.0,5.0,5.0,3.0,5.0,5.0,5.0,3.0,3.0,2.0,3.0,5.0,3.0,2.0,5.0,5.0,4.0,1.0,5.0,3.0,3.0,22.0,1.0,3,3,3,9,australia,1,1,2,Chinese,2,2,2,2.0,4.0625,3.5625,3.3333333333333335,2.6
132,R_3gUvFnbOB3Qqom1,6.0,7.0,7.0,7.0,7.0,5.0,7.0,7.0,7.0,6.0,7.0,6.0,7.0,7.0,6.0,1.0,4.0,1.0,2.0,2.0,3.0,2.0,1.0,1.0,1.0,2.0,1.0,1.0,1.0,1.0,3.0,1.0,2.0,1.0,3.0,3.0,4.0,3.0,1.0,1.0,1.0,2.0,3.0,3.0,3.0,2.0,3.0,30.0,2.0,4,5,4,9,aus ,4,4,4,,3,3,3,1.0,1.6875,2.25,6.5,6.8
133,R_3Dbk0SSEh9EYnNI,4.0,6.0,7.0,6.0,5.0,6.0,4.0,5.0,4.0,5.0,6.0,5.0,6.0,6.0,2.0,1.0,1.0,1.0,2.0,1.0,6.0,4.0,2.0,2.0,1.0,3.0,3.0,2.0,2.0,1.0,2.0,4.0,4.0,2.0,4.0,4.0,4.0,4.0,2.0,4.0,4.0,4.0,4.0,3.0,3.0,3.0,4.0,20.0,2.0,5,4,4,10,,,,,Irish ,1,1,1,1.0,2.125,3.5625,5.666666666666667,4.8
134,R_Qd0BWEOKd8jCnIJ,7.0,7.0,7.0,7.0,6.0,5.0,5.0,6.0,6.0,7.0,7.0,5.0,6.0,6.0,6.0,2.0,2.0,2.0,2.0,2.0,2.0,2.0,2.0,2.0,2.0,3.0,2.0,2.0,2.0,2.0,2.0,2.0,2.0,2.0,2.0,2.0,2.0,2.0,2.0,2.0,2.0,2.0,2.0,3.0,1.0,2.0,2.0,,2.0,4,4,5,9,australia,3,4,4,Hong kong,4,5,5,2.0,2.0625,2.0,6.5,6.2
135,R_9TTCIyZ7AY6xjjP,4.0,5.0,6.0,4.0,7.0,4.0,4.0,5.0,3.0,3.0,4.0,5.0,5.0,5.0,5.0,1.0,1.0,1.0,2.0,1.0,1.0,3.0,1.0,1.0,1.0,1.0,1.0,1.0,1.0,1.0,2.0,1.0,1.0,3.0,3.0,2.0,2.0,2.0,4.0,4.0,2.0,2.0,2.0,3.0,3.0,1.0,4.0,50.0,2.0,5,2,2,9,new zealand ,4,2,1,Non,3,1,1,1.0,1.25,2.4375,5.0,3.8
136,R_bE4BRhrSvnvkPTz,6.0,6.0,6.0,6.0,6.0,6.0,5.0,6.0,5.0,6.0,6.0,6.0,4.0,4.0,5.0,2.0,3.0,2.0,4.0,3.0,3.0,2.0,3.0,3.0,4.0,3.0,3.0,2.0,4.0,4.0,2.0,4.0,4.0,3.0,4.0,5.0,4.0,3.0,4.0,4.0,4.0,4.0,2.0,4.0,4.0,4.0,5.0,24.0,2.0,4,5,4,10,,,,,Caucasian ,4,5,4,1.0,2.9375,3.875,6.0,5.6
137,R_1irFjsEscNnTcab,6.0,6.0,7.0,6.0,6.0,6.0,5.0,7.0,7.0,5.0,6.0,3.0,5.0,2.0,3.0,3.0,3.0,1.0,2.0,1.0,4.0,4.0,3.0,1.0,3.0,1.0,1.0,1.0,4.0,4.0,1.0,4.0,4.0,3.0,4.0,5.0,4.0,3.0,4.0,3.0,3.0,4.0,4.0,5.0,4.0,4.0,5.0,20.0,2.0,4,4,4,10,,,,,Italian ,4,5,5,1.0,2.3125,3.9375,6.166666666666667,6.0
138,R_ZFbSS7ZyTc3oslX,6.0,6.0,6.0,7.0,7.0,6.0,5.0,3.0,2.0,3.0,6.0,6.0,7.0,7.0,5.0,2.0,2.0,1.0,2.0,2.0,2.0,2.0,3.0,2.0,2.0,2.0,1.0,2.0,3.0,1.0,2.0,5.0,6.0,2.0,5.0,5.0,3.0,2.0,2.0,2.0,2.0,6.0,2.0,4.0,2.0,4.0,3.0,23.0,2.0,4,3,4,10,,,,,English/Irish ,2,2,4,1.0,1.9375,3.4375,6.333333333333333,3.8
139,R_Q51MpXEVacdOjqp,5.0,5.0,5.0,6.0,4.0,3.0,3.0,5.0,5.0,6.0,6.0,6.0,5.0,4.0,3.0,2.0,6.0,3.0,6.0,4.0,7.0,5.0,3.0,5.0,6.0,5.0,3.0,5.0,3.0,3.0,5.0,6.0,7.0,5.0,6.0,7.0,6.0,7.0,5.0,5.0,5.0,6.0,6.0,7.0,5.0,6.0,7.0,21.0,2.0,4,3,4,10,,,,,White (English/ Scottish) ,3,3,4,1.0,4.4375,6.0,4.666666666666667,5.0
140,R_1qWAqn97ZY7RTSm,5.0,5.0,5.0,3.0,5.0,5.0,4.0,5.0,6.0,5.0,6.0,2.0,7.0,3.0,2.0,1.0,3.0,1.0,2.0,1.0,6.0,5.0,1.0,1.0,1.0,2.0,1.0,3.0,6.0,1.0,1.0,6.0,6.0,2.0,5.0,5.0,4.0,3.0,1.0,5.0,3.0,4.0,2.0,5.0,5.0,3.0,6.0,22.0,2.0,4,4,5,10,,,,,white,4,4,5,1.0,2.25,4.0625,4.666666666666667,5.2
141,R_2xRlymF2zY5b2bY,5.0,7.0,7.0,7.0,7.0,6.0,5.0,5.0,4.0,1.0,5.0,7.0,6.0,6.0,5.0,1.0,1.0,1.0,1.0,1.0,6.0,2.0,1.0,1.0,3.0,6.0,1.0,1.0,3.0,1.0,1.0,2.0,1.0,2.0,1.0,2.0,2.0,1.0,1.0,1.0,1.0,1.0,1.0,2.0,1.0,1.0,6.0,21.0,2.0,5,5,5,10,,,,,Greek ,5,4,2,1.0,1.9375,1.625,6.5,4.0
142,R_29iCMG3wUBteYer,6.0,6.0,6.0,5.0,7.0,6.0,6.0,6.0,4.0,5.0,7.0,6.0,3.0,3.0,3.0,1.0,2.0,1.0,2.0,1.0,3.0,2.0,2.0,2.0,2.0,2.0,3.0,1.0,5.0,2.0,1.0,6.0,6.0,3.0,5.0,6.0,2.0,6.0,2.0,3.0,3.0,6.0,2.0,4.0,3.0,3.0,6.0,19.0,4.0,5,4,2,10,,,,,Italian,3,3,1,1.0,2.0,4.125,6.0,5.6
143,R_3lEmLD95PFVpK4z,6.0,6.0,6.0,6.0,4.0,3.0,6.0,5.0,5.0,6.0,7.0,5.0,6.0,5.0,4.0,5.0,3.0,1.0,1.0,3.0,3.0,5.0,2.0,3.0,4.0,4.0,2.0,4.0,5.0,1.0,3.0,4.0,5.0,5.0,4.0,6.0,4.0,4.0,1.0,3.0,3.0,6.0,4.0,5.0,2.0,3.0,6.0,21.0,1.0,5,4,4,9,malaysia/singapore,2,3,2,Chinese,4,4,3,2.0,3.0625,4.0625,5.166666666666667,5.8
144,R_1rD2iQmuDliVHMo,4.0,4.0,5.0,5.0,7.0,6.0,5.0,6.0,6.0,5.0,6.0,6.0,7.0,3.0,6.0,1.0,1.0,1.0,4.0,1.0,3.0,2.0,1.0,1.0,4.0,1.0,1.0,1.0,2.0,2.0,1.0,4.0,2.0,2.0,5.0,6.0,2.0,1.0,2.0,3.0,2.0,4.0,2.0,2.0,2.0,4.0,4.0,21.0,2.0,4,5,5,9,melbourne briefly ,,,,,,,,2.0,1.6875,2.9375,5.166666666666667,5.6
145,R_1pytdDX9UENtJMy,5.0,5.0,5.0,2.0,2.0,2.0,5.0,6.0,3.0,2.0,6.0,5.0,5.0,3.0,5.0,2.0,2.0,2.0,2.0,2.0,5.0,2.0,2.0,2.0,2.0,2.0,2.0,2.0,2.0,2.0,2.0,5.0,6.0,2.0,2.0,5.0,6.0,2.0,2.0,2.0,2.0,2.0,2.0,6.0,2.0,2.0,6.0,23.0,2.0,4,4,2,10,,,,,Australian ,4,4,4,1.0,2.1875,3.375,3.5,4.4
146,R_2q97MQlN76AB5Pg,6.0,6.0,6.0,6.0,6.0,6.0,5.0,5.0,3.0,3.0,5.0,3.0,3.0,2.0,2.0,2.0,2.0,2.0,5.0,2.0,5.0,5.0,2.0,2.0,2.0,2.0,2.0,2.0,3.0,2.0,2.0,5.0,5.0,2.0,3.0,2.0,4.0,2.0,3.0,2.0,3.0,5.0,3.0,5.0,3.0,4.0,5.0,48.0,2.0,5,5,4,9,brunei ,,,,,,,,1.0,2.625,3.5,6.0,4.2
